,Name,TeamName,Nationality,Age,PlayedTime,Goals,Assists,YellowCards,RedCards,TacklesWon,AerialsWon,DuelsWon,ClearancesP90,TouchesP90,InterceptP90,PassesP90,PassesCompleted,AssistsP90,BigChances,DribblesP90,CrossesP90,PenaltyGoals,ShotsP90,TargetShotsP90,CleanSheets,SavesMade,PenaltySaves,MOM,GoalsP90,NonPenaltyGoalsP90,ShotsAccuracy,AvgRating
0,Petr Čech,Arsenal,Czech Republic,38,585,0,0,0,0,100%,67%,80%,1.1,48.5,0.0,34.5,68%,0.00,0,0.0,0.0,0,0.0,0.0,2,4.3,0,1,0.00,0.00,0%,6.9
1,Mesut Özil,Arsenal,Germany,32,1741,5,2,2,0,42%,28%,41%,0.2,71.5,0.2,57.8,89%,0.10,3,1.1,2.2,0,0.6,0.3,6,0.0,0,3,0.26,0.26,55%,6.7
2,Trent Alexander-Arnold,Liverpool,England,22,2467,1,12,3,0,64%,27%,49%,2.3,93.9,1.3,61.9,77%,0.44,11,0.5,7.3,0,1.1,0.3,16,0.0,0,2,0.04,0.04,31%,7.2
3,Ivan Cavaleiro,Wolves,Portugal,27,682,3,1,1,0,80%,28%,31%,0.5,65.2,0.5,38.8,76%,0.14,2,2.0,7.1,0,1.7,0.5,5,0.0,0,0,0.40,0.40,31%,6.0
4,Angel Gomes,Man Utd,England,20,25,0,0,0,0,-,-,-,0,0,0,0,-,0,0,0,0,0,0,0,0,0,0,0,0,0,-,6.1
5,Sergio Agüero,Man City,Argentina,32,2480,21,8,4,0,52%,44%,45%,0.1,45.0,0.3,28.0,85%,0.29,6,1.6,0.5,2,4.3,1.6,19,0.0,0,3,0.77,0.69,36%,7.2
6,Fabricio,Fulham,Spain,32,180,0,0,0,0,100%,-,100%,1.5,42.0,0.0,23.5,68%,0.00,0,0.0,0.0,0,0.0,0.0,0,8.0,0,0,0.00,0.00,0%,7.3
7,Karlan Ahearne-Grant,Huddersfield,England,22,874,4,0,0,0,41%,17%,27%,0.1,37.5,0.2,21.8,70%,0.00,0,1.2,0.9,0,2.2,1.2,1,0.0,0,0,0.41,0.41,57%,6.0
8,Ramadan Sobhi,Huddersfield,Egypt,23,75,0,0,0,0,-,-,-,0,0,0,0,-,0,0,0,0,0,0,0,0,0,0,0,0,0,-,5.9
9,Nathan Aké,Bournemouth,Netherlands,25,3412,4,0,3,0,53%,55%,61%,6.1,59.2,0.8,44.7,86%,0.00,2,0.1,0.2,0,0.7,0.2,10,0.0,0,0,0.11,0.11,36%,6.6
10,Marc Albrighton,Leicester City,England,30,1626,2,2,3,0,61%,45%,47%,1.3,60.0,1.3,34.4,66%,0.11,6,1.1,6.9,0,1.1,0.4,9,0.0,0,1,0.11,0.11,37%,6.3
11,Toby Alderweireld,Tottenham,Belgium,31,2924,0,0,3,0,65%,54%,58%,5.1,83.7,0.7,72.6,89%,0.00,1,0.0,0.2,0,0.6,0.1,12,0.0,0,1,0.00,0.00,26%,6.8
12,Dele Alli,Tottenham,England,24,1834,5,3,4,0,58%,50%,47%,0.8,69.2,0.9,50.5,80%,0.14,6,1.4,0.5,0,1.9,0.9,7,0.0,0,1,0.24,0.24,49%,6.9
13,Miguel Almirón,Newcastle,Paraguay,26,763,0,0,0,0,60%,10%,57%,0.5,48.2,0.9,28.4,75%,0.00,0,0.8,2.5,0,2.2,0.9,3,0.0,0,0,0.00,0.00,42%,6.2
14,Marcos Alonso,Chelsea,Spain,29,2761,2,4,6,0,62%,55%,56%,2.8,89.5,1.3,61.3,85%,0.13,4,0.6,3.2,0,1.5,0.2,14,0.0,0,2,0.06,0.06,16%,7.1
15,Cédric,Southampton,Portugal,29,1494,1,2,4,0,74%,48%,51%,3.0,60.2,1.3,35.8,73%,0.12,2,0.4,3.9,0,0.6,0.2,5,0.0,0,0,0.06,0.06,30%,6.3
16,Daniel Amartey,Leicester City,Ghana,25,640,0,0,2,0,67%,61%,58%,3.5,74.5,2.3,52.2,85%,0.00,0,0.3,0.4,0,0.6,0.1,2,0.0,0,0,0.00,0.00,25%,6.6
17,Luke Amos,Tottenham,England,23,2,0,0,0,0,-,-,-,0,0,0,0,-,0,0,0,0,0,0,0,0,0,0,0,0,0,-,-
18,Felipe Anderson,West Ham,Brazil,27,3054,9,4,3,0,55%,28%,47%,0.3,74.7,1.2,49.1,76%,0.12,10,2.2,3.6,0,1.7,0.7,6,0.0,0,5,0.26,0.26,43%,7.0
19,Florin Andone,Brighton,Romania,27,874,3,0,5,0,20%,34%,31%,1.1,37.5,0.3,15.4,67%,0.00,0,0.8,0.5,0,1.8,0.8,3,0.0,0,0,0.28,0.28,42%,5.8
20,Michail Antonio,West Ham,England,30,2099,6,4,3,0,61%,43%,45%,0.9,57.2,0.8,28.6,68%,0.17,6,2.5,2.1,0,2.8,1.1,5,0.0,0,1,0.26,0.26,38%,6.4
21,Stuart Armstrong,Southampton,Scotland,28,1432,3,2,2,0,72%,44%,44%,0.7,56.8,0.8,38.7,78%,0.13,1,1.2,1.5,0,2.0,0.8,4,0.0,0,0,0.19,0.19,38%,6.4
22,Marko Arnautovic,West Ham,Austria,31,2000,10,4,3,0,56%,48%,37%,0.2,41.2,0.1,28.8,75%,0.18,6,0.9,0.8,1,2.8,1.4,5,0.0,0,1,0.45,0.41,52%,6.6
23,Kepa Arrizabalaga,Chelsea,Spain,26,3240,0,0,2,0,100%,100%,88%,0.4,35.6,0.0,27.9,85%,0.00,0,0.0,0.0,0,0.0,0.0,14,2.3,1,0,0.00,0.00,0%,6.6
24,Harry Arter,Cardiff,Republic of Ireland,30,2008,0,1,10,0,60%,30%,53%,0.9,41.3,0.9,29.5,81%,0.05,1,0.1,0.8,0,1.0,0.2,7,0.0,0,0,0.00,0.00,22%,6.2
25,Christian Atsu,Newcastle,Ghana,28,1487,1,0,2,0,63%,14%,38%,0.8,43.2,0.4,23.2,82%,0.00,3,1.5,2.5,0,1.7,0.8,8,0.0,0,0,0.06,0.06,50%,6.1
26,PE Aubameyang,Arsenal,Gabon,31,2731,22,5,0,0,81%,28%,38%,0.6,37.3,0.3,22.8,74%,0.16,8,0.9,1.4,4,3.1,1.3,8,0.0,0,5,0.73,0.59,43%,6.7
27,Serge Aurier,Tottenham,Côte d’Ivoire,27,564,0,2,1,0,62%,44%,46%,2.7,72.9,1.1,43.0,75%,0.32,2,1.3,3.8,0,0.6,0.2,3,0.0,0,0,0.00,0.00,25%,6.5
28,Charlie Austin,Southampton,England,31,980,2,2,1,0,53%,34%,38%,1.2,33.8,0.2,18.1,58%,0.18,1,0.1,0.0,0,2.9,0.8,6,0.0,0,0,0.18,0.18,28%,5.8
29,Jordan Ayew,Crystal Palace,Ghana,29,1186,1,2,3,0,61%,26%,37%,0.4,42.6,0.5,20.1,78%,0.15,1,0.8,1.1,0,2.0,0.2,6,0.0,0,0,0.07,0.07,11%,6.0
30,Floyd Ayité,Fulham,Togo,31,465,1,0,0,0,100%,46%,42%,0.6,58.3,1.4,36.9,79%,0.00,1,1.9,1.1,0,1.4,0.2,3,0.0,0,0,0.19,0.19,14%,6.1
31,Hélder Costa,Wolves,Portugal,26,1346,1,2,3,0,78%,22%,33%,0.3,51.4,0.6,29.6,81%,0.14,3,1.6,3.3,0,1.7,0.5,5,0.0,0,0,0.06,0.06,28%,6.1
32,Cesar Azpilicueta,Chelsea,Spain,31,3403,1,5,4,0,57%,58%,59%,2.0,90.4,1.1,65.7,87%,0.14,5,0.3,3.1,0,0.5,0.2,16,0.0,0,2,0.03,0.03,41%,7.0
33,Ryan Babel,Fulham,Netherlands,33,1260,5,3,3,0,51%,44%,48%,0.7,51.8,0.4,33.5,83%,0.22,4,1.9,2.7,0,1.9,0.6,3,0.0,0,1,0.36,0.36,33%,6.6
34,Leandro Bacuna,Cardiff,Curaçao,29,554,0,0,2,0,67%,41%,42%,1.5,41.3,2.4,23.6,67%,0.00,0,0.8,1.1,0,0.8,0.2,4,0.0,0,0,0.00,0.00,20%,6.1
35,Juninho Bacuna,Huddersfield,Curaçao,23,1414,1,0,4,0,63%,44%,47%,0.7,67.5,1.5,45.5,75%,0.00,3,1.7,2.2,0,1.2,0.5,2,0.0,0,1,0.06,0.06,42%,6.4
36,Eric Bailly,Man Utd,Côte d’Ivoire,26,637,0,0,0,1,60%,77%,74%,5.2,57.5,1.8,42.7,87%,0.00,0,0.6,0.0,0,0.4,0.1,3,0.0,0,0,0.00,0.00,33%,6.4
37,Leighton Baines,Everton,England,35,376,0,0,0,0,75%,40%,55%,1.7,71.1,0.5,45.7,82%,0.00,0,0.0,4.3,0,0.5,0.2,1,0.0,0,0,0.00,0.00,50%,6.1
38,Fabián Balbuena,West Ham,Paraguay,29,2014,1,0,2,0,50%,53%,52%,7.7,53.0,2.4,37.2,79%,0.00,0,0.1,0.1,0,0.8,0.1,5,0.0,0,0,0.05,0.05,11%,6.6
39,Leon Balogun,Brighton,Nigeria,32,591,1,0,2,0,50%,57%,59%,4.9,46.9,2.6,32.9,76%,0.00,0,0.0,0.0,0,0.1,0.1,0,0.0,0,0,0.15,0.15,100%,6.1
40,Soul Bamba,Cardiff,Côte d’Ivoire,35,2475,4,1,7,0,57%,67%,62%,6.4,39.4,2.9,20.0,69%,0.04,0,0.5,0.0,0,0.8,0.3,7,0.0,0,3,0.14,0.14,32%,6.7
41,Roberto Firmino,Liverpool,Brazil,29,2620,12,6,0,0,66%,28%,35%,0.5,60.5,0.2,43.9,81%,0.21,8,1.7,0.3,1,2.6,1.2,18,0.0,0,2,0.41,0.38,47%,6.9
42,Ricardo Pereira,Leicester City,Portugal,27,3125,2,6,7,0,56%,47%,55%,3.0,77.2,1.7,44.1,78%,0.17,10,2.0,3.0,0,0.7,0.3,10,0.0,0,6,0.05,0.05,36%,7.0
43,Phil Bardsley,Burnley,Scotland,35,1672,0,0,9,0,60%,53%,53%,3.6,55.0,1.7,29.9,69%,0.00,4,0.2,2.0,0,0.7,0.1,4,0.0,0,0,0.00,0.00,8%,6.2
44,Ross Barkley,Chelsea,England,26,1241,3,5,1,0,67%,70%,52%,0.9,86.6,0.7,69.2,91%,0.36,4,1.1,0.5,0,3.0,0.7,11,0.0,0,1,0.22,0.22,22%,6.9
45,Ashley Barnes,Burnley,England,31,2387,12,2,8,0,61%,37%,39%,0.9,37.1,0.1,19.5,59%,0.07,6,0.3,0.2,2,2.5,1.1,8,0.0,0,1,0.45,0.38,46%,6.2
46,Harvey Barnes,Leicester City,England,22,1007,1,2,0,0,60%,46%,53%,0.5,47.1,0.3,27.7,77%,0.18,3,2.7,2.0,0,3.6,0.9,3,0.0,0,0,0.09,0.09,25%,6.4
47,Antonio Barreca,Newcastle,Italy,25,4,0,0,0,0,-,-,-,0,0,0,0,-,0,0,0,0,0,0,0,0,0,0,0,0,0,-,-
48,Michy Batshuayi,Crystal Palace,Belgium,27,756,5,0,0,0,52%,27%,30%,0.0,32.5,0.4,19.4,65%,0.00,0,1.1,0.1,0,3.2,1.2,3,0.0,0,0,0.59,0.59,37%,6.3
49,Alisson,Liverpool,Brazil,28,3420,0,0,1,0,60%,91%,89%,0.8,37.6,0.0,28.3,80%,0.00,0,0.1,0.0,0,0.0,0.0,21,2.0,0,1,0.00,0.00,0%,6.6
50,Jan Bednarek,Southampton,Poland,24,2151,0,1,7,0,60%,57%,55%,7.0,53.4,3.0,34.4,71%,0.05,1,0.1,0.1,0,0.2,0.1,3,0.0,0,1,0.00,0.00,20%,6.6
51,Asmir Begović,Bournemouth,Bosnia and Herzegovina,33,2160,0,0,0,0,-,93%,78%,0.8,32.2,0.1,22.1,61%,0.00,0,0.0,0.0,0,0.0,0.0,5,2.5,0,0,0.00,0.00,0%,6.0
52,Héctor Bellerín,Arsenal,Spain,25,1535,0,5,3,0,80%,46%,45%,1.9,68.0,1.2,46.1,84%,0.30,4,0.9,2.3,0,1.1,0.2,4,0.0,0,0,0.00,0.00,22%,6.6
53,Ryan Bennett,Wolves,England,30,3060,1,0,12,0,56%,57%,56%,3.6,51.6,1.3,39.6,80%,0.00,1,0.1,0.0,0,0.4,0.1,9,0.0,0,0,0.03,0.03,27%,6.4
54,Joe Bennett,Cardiff,England,30,2641,0,1,5,0,58%,68%,66%,2.9,44.8,2.0,23.6,72%,0.04,0,0.8,1.5,0,0.3,0.1,9,0.0,0,0,0.00,0.00,30%,6.3
55,Christian Benteke,Crystal Palace,Belgium,29,813,1,1,1,0,20%,60%,53%,1.6,42.2,0.0,26.7,56%,0.11,3,0.6,0.1,0,2.9,0.9,5,0.0,0,0,0.11,0.11,31%,6.3
56,Ryan Bertrand,Southampton,England,31,2160,1,0,8,0,59%,46%,52%,1.8,57.8,1.1,32.3,75%,0.00,3,0.3,3.9,0,0.7,0.1,6,0.0,0,0,0.05,0.05,13%,6.2
57,Marcus Bettinelli,Fulham,England,28,630,0,0,1,0,-,100%,100%,1.9,40.3,0.0,30.1,61%,0.00,0,0.0,0.0,0,0.0,0.0,0,2.9,1,0,0.00,0.00,0%,6.1
58,Philip Billing,Huddersfield,Denmark,24,2192,2,0,7,0,60%,75%,61%,1.6,70.8,2.2,44.1,79%,0.00,1,0.8,2.3,0,1.7,0.4,5,0.0,0,1,0.08,0.08,21%,6.6
59,Yves Bissouma,Brighton,Mali,24,1769,0,0,5,0,49%,47%,53%,1.3,58.0,1.7,36.4,82%,0.00,1,2.4,0.4,0,1.6,0.1,5,0.0,0,0,0.00,0.00,10%,6.3
60,Léo Bonatini,Wolves,Brazil,26,128,0,1,0,0,100%,25%,19%,0.0,58.6,0.0,39.8,79%,0.70,0,0.7,2.8,0,6.3,0.7,3,0.0,0,0,0.00,0.00,11%,6.1
61,Gaëtan Bong,Brighton,Cameroon,32,1805,0,0,0,0,63%,43%,43%,2.2,55.3,1.3,30.0,74%,0.00,0,0.6,2.8,0,0.1,0.0,5,0.0,0,0,0.00,0.00,0%,5.9
62,Willian,Chelsea,Brazil,32,2108,3,6,2,0,60%,32%,51%,0.5,76.5,0.6,52.5,86%,0.25,10,1.7,7.2,0,2.6,0.9,13,0.0,0,1,0.13,0.13,35%,6.8
63,Artur Boruc,Bournemouth,Poland,40,1080,0,0,2,0,-,100%,60%,0.4,34.0,0.0,23.8,57%,0.00,0,0.0,0.0,0,0.0,0.0,4,3.4,0,0,0.00,0.00,0%,6.6
64,Robbie Brady,Burnley,Republic of Ireland,28,715,0,1,3,1,47%,58%,44%,1.9,50.8,0.9,28.0,62%,0.13,2,0.9,6.7,0,1.5,0.3,2,0.0,0,0,0.00,0.00,17%,5.9
65,Miguel Britos,Watford,Uruguay,35,185,0,0,0,0,50%,62%,55%,4.9,41.8,1.5,28.7,80%,0.00,0,0.5,0.5,0,0.0,0.0,1,0.0,0,0,0.00,0.00,0%,5.6
66,David Brooks,Bournemouth,Wales,23,2279,7,5,3,0,71%,21%,43%,0.9,53.0,0.9,33.8,73%,0.20,9,0.9,1.3,0,1.6,0.8,9,0.0,0,1,0.28,0.28,49%,6.5
67,Joe Bryan,Fulham,England,27,2350,0,1,5,0,67%,46%,55%,2.7,64.0,1.2,36.4,75%,0.04,8,0.6,4.4,0,0.8,0.3,5,0.0,0,0,0.00,0.00,33%,6.2
68,David Button,Brighton,England,31,360,0,0,0,0,-,100%,100%,1.0,32.3,0.0,24.8,37%,0.00,0,0.0,0.0,0,0.0,0.0,1,3.5,0,1,0.00,0.00,0%,6.5
69,Willy Caballero,Chelsea,Argentina,39,180,0,0,0,0,-,-,-,1.0,35.0,0.0,27.0,78%,0.00,0,0.0,0.0,0,0.0,0.0,2,1.5,0,0,0.00,0.00,0%,6.8
70,Gary Cahill,Chelsea,England,34,22,0,0,0,0,-,-,-,0,0,0,0,-,0,0,0,0,0,0,0,2,0,0,0,0,0,-,6.4
71,Tom Cairney,Fulham,Scotland,29,2198,1,1,0,0,57%,38%,57%,0.5,71.6,0.4,56.2,90%,0.05,4,1.8,1.1,0,1.0,0.2,4,0.0,0,0,0.05,0.05,21%,6.4
72,Bernard,Everton,Brazil,28,2128,1,3,5,0,61%,19%,44%,0.5,54.9,1.1,34.1,75%,0.13,4,1.7,2.2,0,1.0,0.2,14,0.0,0,0,0.05,0.05,22%,6.2
73,Dominic Calvert-Lewin,Everton,England,23,1774,6,2,3,0,53%,43%,42%,1.0,40.7,0.4,21.8,61%,0.10,2,1.1,0.4,0,2.6,0.8,13,0.0,0,0,0.31,0.31,31%,6.2
74,Víctor Camarasa,Cardiff,Spain,26,2579,5,4,6,0,53%,39%,42%,0.9,49.8,1.1,30.9,75%,0.14,4,1.2,4.2,1,1.4,0.4,8,0.0,0,0,0.17,0.14,29%,6.3
75,Étienne Capoue,Watford,France,32,2947,1,3,14,1,62%,58%,57%,2.8,70.2,2.6,53.4,84%,0.09,2,1.0,0.1,0,0.6,0.1,7,0.0,0,2,0.03,0.03,22%,7.1
76,Andy Carroll,West Ham,England,31,454,0,0,2,0,51%,52%,48%,1.6,43.7,0.2,26.9,61%,0.00,0,0.6,0.2,0,2.8,1.2,2,0.0,0,0,0.00,0.00,43%,5.9
77,Jonny Castro,Wolves,Spain,26,2780,1,1,6,0,55%,43%,51%,1.7,62.1,1.9,34.8,78%,0.04,2,1.0,1.5,0,0.8,0.3,8,0.0,0,0,0.04,0.04,32%,6.5
78,Craig Cathcart,Watford,Northern Ireland,31,3099,3,0,2,0,62%,52%,56%,5.2,48.7,1.1,37.2,81%,0.00,0,0.1,0.1,0,0.4,0.1,6,0.0,0,1,0.09,0.09,38%,6.4
79,Nathaniel Chalobah,Watford,England,25,266,0,0,2,0,67%,50%,34%,2.4,52.8,1.7,37.9,75%,0.00,1,0.0,0.3,0,0.7,0.3,1,0.0,0,0,0.00,0.00,50%,6.2
80,Calum Chambers,Fulham,England,25,2587,2,0,9,0,57%,54%,50%,3.7,69.0,2.4,51.6,79%,0.00,1,0.8,0.5,0,1.2,0.4,5,0.0,0,1,0.07,0.07,31%,6.6
81,Ben Chilwell,Leicester City,England,23,3240,0,4,4,0,53%,61%,55%,3.6,79.6,1.1,46.8,72%,0.11,2,1.4,3.7,0,0.6,0.3,10,0.0,0,1,0.00,0.00,45%,6.7
82,Tahith Chong,Man Utd,Netherlands,20,36,0,0,0,0,-,-,-,0,0,0,0,-,0,0,0,0,0,0,0,0,0,0,0,0,0,-,6.2
83,Hamza Choudhury,Leicester City,England,23,596,0,0,0,0,42%,46%,57%,1.8,51.0,2.3,36.2,85%,0.00,1,0.3,0.5,0,0.6,0.3,4,0.0,0,0,0.00,0.00,50%,6.5
84,Andreas Christensen,Chelsea,Denmark,24,615,0,0,1,0,40%,52%,55%,4.0,76.5,0.6,67.0,93%,0.00,0,0.1,0.0,0,0.0,0.0,3,0.0,0,0,0.00,0.00,0%,6.7
85,Cyrus Christie,Fulham,Republic of Ireland,28,1943,0,1,7,0,54%,64%,50%,3.7,73.0,1.3,40.9,76%,0.05,1,1.3,4.2,0,0.6,0.1,5,0.0,0,0,0.00,0.00,25%,6.2
86,Ibrahima Cissé,Fulham,Guinea,26,87,0,0,0,0,-,-,-,0,0,0,0,-,0,0,0,0,0,0,0,0,0,0,0,0,0,-,5.9
87,Ciaran Clark,Newcastle,Republic of Ireland,31,857,3,0,1,0,80%,65%,67%,6.0,46.3,1.3,31.9,75%,0.00,0,0.0,0.3,0,0.7,0.3,2,0.0,0,1,0.32,0.32,43%,6.8
88,Tom Cleverley,Watford,England,31,470,1,0,2,0,53%,29%,40%,2.1,56.9,0.9,42.3,79%,0.00,0,0.2,0.8,0,0.8,0.4,4,0.0,0,0,0.19,0.19,50%,6.0
89,Nathaniel Clyne,Liverpool,England,29,1254,0,1,2,0,57%,33%,51%,2.0,60.7,1.3,37.2,76%,0.07,0,0.3,1.5,0,0.4,0.1,6,0.0,0,0,0.00,0.00,20%,6.2
90,Conor Coady,Wolves,England,27,3420,0,0,5,0,61%,59%,59%,3.3,52.1,0.8,44.4,84%,0.00,1,0.1,0.0,0,0.0,0.0,9,0.0,0,1,0.00,0.00,0%,6.4
91,Séamus Coleman,Everton,Republic of Ireland,32,2560,2,2,1,0,57%,60%,54%,2.5,67.5,0.9,40.5,78%,0.07,6,0.7,2.8,0,0.5,0.2,13,0.0,0,1,0.07,0.07,47%,6.7
92,Joel Coleman,Huddersfield,England,25,90,0,0,0,0,-,-,-,1.0,42.0,0.0,37.0,38%,0.00,0,0.0,0.0,0,0.0,0.0,0,2.0,0,0,0.00,0.00,0%,5.9
93,Steve Cook,Bournemouth,England,29,2787,1,1,3,0,53%,63%,65%,6.4,65.6,1.6,48.5,79%,0.04,2,0.2,0.3,0,0.7,0.3,9,0.0,0,2,0.04,0.04,43%,6.5
94,Lewis Cook,Bournemouth,England,23,721,0,0,2,0,46%,33%,41%,0.9,62.9,1.0,48.8,83%,0.00,0,1.3,1.3,0,0.5,0.0,3,0.0,0,0,0.00,0.00,0%,6.2
95,Jack Cork,Burnley,England,31,3313,1,2,6,0,53%,40%,48%,2.1,48.6,0.8,36.1,81%,0.05,2,0.7,0.4,0,0.5,0.1,8,0.0,0,0,0.03,0.03,12%,6.3
96,Aaron Cresswell,West Ham,England,30,1589,0,1,1,0,55%,58%,62%,2.4,74.4,1.3,46.0,81%,0.05,1,0.3,4.3,0,0.6,0.0,3,0.0,0,0,0.00,0.00,0%,6.4
97,Peter Crouch,Burnley,England,39,86,0,0,1,0,-,-,-,0,0,0,0,-,0,0,0,0,0,0,0,0,0,0,0,0,0,-,5.8
98,Greg Cunningham,Cardiff,Republic of Ireland,29,630,0,0,3,0,39%,33%,58%,1.9,44.1,2.4,25.6,74%,0.00,0,0.0,1.0,0,0.3,0.1,1,0.0,0,0,0.00,0.00,50%,5.9
99,Martin Dúbravka,Newcastle,Slovakia,31,3420,0,0,1,0,-,88%,85%,0.9,36.2,0.0,27.2,53%,0.00,0,0.0,0.0,0,0.0,0.0,11,2.5,0,2,0.00,0.00,0%,6.3
100,Danilo,Man City,Brazil,29,806,1,0,1,0,80%,56%,59%,2.2,112.1,1.7,85.6,87%,0.00,0,0.9,1.3,0,1.6,0.3,5,0.0,0,3,0.11,0.11,21%,7.5
101,Rúben Neves,Wolves,Portugal,23,3009,4,3,8,0,42%,47%,44%,1.3,73.1,2.2,58.0,81%,0.09,4,0.3,0.8,2,2.2,0.5,8,0.0,0,2,0.12,0.06,22%,6.8
102,Diogo Dalot,Man Utd,Portugal,21,1015,0,2,3,0,50%,82%,66%,2.7,64.0,0.9,37.5,71%,0.18,5,1.0,4.4,0,1.3,0.0,2,0.0,0,0,0.00,0.00,0%,6.2
103,Matty Daly,Huddersfield,England,19,73,0,0,0,0,-,-,-,0,0,0,0,-,0,0,0,0,0,0,0,0,0,0,0,0,0,-,5.4
104,Loïc Damour,Cardiff,France,29,21,0,0,0,0,-,-,-,0,0,0,0,-,0,0,0,0,0,0,0,0,0,0,0,0,0,-,5.6
105,Charlie Daniels,Bournemouth,England,34,1583,1,0,4,0,61%,54%,56%,2.5,70.3,1.1,47.8,79%,0.00,0,0.7,1.5,0,0.7,0.2,6,0.0,0,0,0.05,0.05,25%,6.2
106,Scott Dann,Crystal Palace,England,33,660,0,1,1,0,33%,62%,59%,6.0,49.1,0.7,36.0,73%,0.14,2,0.4,0.0,0,0.8,0.1,3,0.0,0,0,0.00,0.00,17%,6.4
107,Christian Eriksen,Tottenham,Denmark,28,2772,8,12,3,0,61%,27%,39%,0.2,77.7,0.5,60.8,81%,0.39,10,0.6,3.8,0,2.7,1.0,10,0.0,0,1,0.26,0.26,36%,7.0
108,Matteo Darmian,Man Utd,Italy,30,443,0,0,0,0,57%,50%,56%,3.9,56.9,1.4,35.5,85%,0.00,0,0.2,0.6,0,0.2,0.2,1,0.0,0,0,0.00,0.00,100%,6.4
109,Ben Davies,Tottenham,Wales,27,1839,0,0,2,0,53%,55%,56%,3.0,78.4,1.1,53.1,83%,0.00,4,0.2,2.1,0,0.7,0.1,10,0.0,0,2,0.00,0.00,7%,6.6
110,Tom Davies,Everton,England,22,975,0,0,3,0,63%,31%,50%,0.8,63.0,1.5,46.7,80%,0.00,1,1.1,0.6,0,0.7,0.2,5,0.0,0,0,0.00,0.00,29%,6.4
111,Steven Davis,Southampton,Northern Ireland,35,96,0,1,0,0,100%,100%,60%,4.7,76.9,0.9,63.8,94%,0.94,1,0.0,0.9,0,0.0,0.0,0,0.0,0,1,0.00,0.00,0%,7.9
112,Richarlison,Everton,Brazil,23,2679,13,1,5,1,69%,31%,41%,1.3,50.3,0.5,26.6,68%,0.04,2,1.3,1.6,0,2.8,1.0,14,0.0,0,1,0.44,0.44,35%,6.5
113,Kevin De Bruyne,Man City,Belgium,29,974,2,2,2,0,68%,35%,53%,0.2,93.5,0.3,67.0,84%,0.19,11,1.8,8.4,0,2.9,1.1,12,0.0,0,3,0.19,0.19,39%,7.0
114,David De Gea,Man Utd,Spain,30,3420,0,0,1,0,-,100%,78%,0.6,33.5,0.0,24.9,60%,0.00,0,0.0,0.0,0,0.0,0.0,7,3.2,0,3,0.00,0.00,0%,6.5
115,Gabriel Jesus,Man City,Brazil,23,1019,7,3,1,0,30%,27%,40%,0.3,52.8,0.3,31.5,82%,0.26,4,1.9,0.3,1,3.8,2.2,16,0.0,0,1,0.62,0.53,58%,6.5
116,Fred,Man Utd,Brazil,27,1045,1,1,2,0,59%,19%,44%,0.7,85.2,1.4,66.3,86%,0.09,1,0.9,1.1,0,1.5,0.2,0,0.0,0,1,0.09,0.09,12%,6.5
117,Troy Deeney,Watford,England,32,2548,9,5,4,1,59%,48%,44%,1.0,44.0,0.2,29.2,61%,0.18,8,0.2,0.6,1,2.3,1.1,5,0.0,0,3,0.32,0.28,47%,6.5
118,Jermain Defoe,Bournemouth,England,38,21,0,0,0,0,-,-,-,0,0,0,0,-,0,0,0,0,0,0,0,2,0,0,0,0,0,-,-
119,Steven Defour,Burnley,Belgium,32,452,0,0,0,0,50%,0%,35%,1.2,59.3,1.6,49.6,82%,0.00,0,0.2,0.8,0,0.0,0.0,1,0.0,0,0,0.00,0.00,0%,6.0
120,Fabian Delph,Man City,England,30,725,0,1,1,1,61%,39%,59%,2.1,107.5,1.6,86.2,91%,0.13,1,1.0,1.0,0,0.5,0.4,4,0.0,0,0,0.00,0.00,75%,7.2
121,Moussa Dembélé,Tottenham,Belgium,33,517,0,0,1,0,69%,46%,50%,0.9,65.6,1.2,53.7,90%,0.00,0,1.2,0.0,0,0.2,0.0,3,0.0,0,0,0.00,0.00,0%,6.5
122,Leander Dendoncker,Wolves,Belgium,25,1469,2,0,1,0,49%,51%,56%,1.8,52.6,1.4,37.2,79%,0.00,1,0.7,0.4,0,1.0,0.6,4,0.0,0,1,0.13,0.13,59%,6.6
123,Laurent Depoitre,Huddersfield,Belgium,31,1059,0,1,1,0,67%,47%,40%,0.7,39.6,0.2,23.2,59%,0.08,0,0.4,0.3,0,2.5,0.5,3,0.0,0,0,0.00,0.00,20%,5.9
124,Gerard Deulofeu,Watford,Spain,26,2082,10,5,3,0,54%,14%,32%,0.1,51.5,0.6,31.1,77%,0.22,9,2.0,2.7,0,2.6,0.9,6,0.0,0,3,0.43,0.43,37%,6.6
125,Fousseni Diabaté,Leicester City,Mali,25,55,0,0,0,0,-,-,-,0,0,0,0,-,0,0,0,0,0,0,0,0,0,0,0,0,0,-,5.3
126,Adama Diakhaby,Huddersfield,France,24,551,0,0,1,0,50%,29%,36%,0.2,44.6,0.2,24.0,76%,0.00,1,2.1,2.3,0,1.1,0.5,1,0.0,0,0,0.00,0.00,43%,5.8
127,Mohamed Diamé,Newcastle,Senegal,33,2165,0,0,3,0,60%,44%,47%,1.5,47.2,1.3,30.5,77%,0.00,0,0.7,0.5,0,0.8,0.1,9,0.0,0,0,0.00,0.00,15%,6.3
128,Grady Diangana,West Ham,England,22,604,0,1,0,0,45%,26%,46%,0.6,64.5,0.1,36.4,78%,0.15,3,3.1,2.1,0,1.5,0.5,2,0.0,0,0,0.00,0.00,30%,6.1
129,Eric Dier,Tottenham,England,26,1510,3,0,4,0,59%,54%,43%,2.6,76.6,1.3,64.5,85%,0.00,2,0.1,0.4,0,0.5,0.2,6,0.0,0,0,0.18,0.18,33%,6.7
130,Lucas Digne,Everton,France,27,2966,4,4,5,1,64%,67%,59%,2.9,79.7,1.8,44.2,76%,0.12,13,0.4,8.5,0,1.0,0.3,14,0.0,0,6,0.12,0.12,29%,7.2
131,Issa Diop,West Ham,France,23,2970,1,0,4,0,56%,61%,65%,4.7,48.2,1.9,34.4,86%,0.00,0,0.2,0.0,0,0.4,0.1,7,0.0,0,1,0.03,0.03,42%,6.6
132,Matt Doherty,Wolves,Republic of Ireland,28,3147,4,5,5,0,63%,59%,55%,2.4,67.9,1.7,40.0,72%,0.14,9,0.6,1.8,0,1.3,0.5,9,0.0,0,3,0.12,0.12,39%,6.7
133,Rui Patrício,Wolves,Portugal,32,3330,0,0,1,0,-,84%,83%,0.4,27.0,0.0,20.5,54%,0.00,0,0.0,0.0,0,0.0,0.0,8,2.6,0,1,0.00,0.00,0%,6.4
134,Abdoulaye Doucouré,Watford,France,27,3062,5,6,7,0,54%,53%,47%,1.6,71.6,1.0,57.1,83%,0.18,8,0.9,0.3,0,1.5,0.5,5,0.0,0,2,0.14,0.14,33%,6.9
135,Shane Duffy,Brighton,Republic of Ireland,28,3088,5,1,4,1,58%,72%,70%,7.1,52.6,1.1,38.0,75%,0.03,0,0.1,0.1,0,1.1,0.5,7,0.0,0,1,0.14,0.14,43%,6.5
136,Demeaco Duhaney,Huddersfield,England,22,46,0,0,0,0,-,-,-,0,0,0,0,-,0,0,0,0,0,0,0,1,0,0,0,0,0,-,6.5
137,Neil Etheridge,Cardiff,Philippines,30,3420,0,0,2,0,100%,100%,92%,0.8,37.3,0.2,30.1,32%,0.00,0,0.0,0.0,0,0.0,0.0,10,3.7,3,3,0.00,0.00,0%,6.4
138,Paul Dummett,Newcastle,Wales,29,1986,0,0,1,0,65%,69%,66%,5.6,54.0,1.7,34.3,71%,0.00,1,0.1,1.4,0,0.4,0.1,9,0.0,0,0,0.00,0.00,11%,6.4
139,Lewis Dunk,Brighton,England,28,3153,2,1,6,0,62%,66%,61%,5.5,56.0,1.3,42.5,83%,0.03,1,0.0,0.1,0,0.6,0.1,7,0.0,0,2,0.05,0.05,20%,6.5
140,Erik Durm,Huddersfield,Germany,28,2051,0,1,0,0,62%,38%,50%,1.6,60.2,1.8,34.0,69%,0.05,0,0.5,2.9,0,0.4,0.0,3,0.0,0,0,0.00,0.00,0%,6.0
141,Bruno Ecuélé Manga,Cardiff,Gabon,32,3375,0,1,0,0,52%,58%,59%,4.6,42.9,2.2,25.5,65%,0.03,0,0.3,0.5,0,0.3,0.1,10,0.0,0,1,0.00,0.00,40%,6.2
142,Mohamed El Neny,Arsenal,Egypt,28,381,0,0,0,0,31%,25%,55%,1.9,81.0,0.5,66.0,91%,0.00,0,0.2,0.7,0,1.7,0.0,2,0.0,0,0,0.00,0.00,0%,6.3
143,Harvey Elliot,Fulham,England,17,18,0,0,0,0,-,-,-,0,0,0,0,-,0,0,0,0,0,0,0,0,0,0,0,0,0,-,5.8
144,Mohamed Elyounoussi,Southampton,Norway,26,790,0,0,0,0,68%,38%,47%,0.6,46.7,0.7,25.3,73%,0.00,2,1.1,5.5,0,2.3,0.7,4,0.0,0,0,0.00,0.00,30%,6.1
145,Jonny Evans,Leicester City,Northern Ireland,32,1995,1,0,2,0,55%,66%,63%,6.6,60.5,1.5,46.4,85%,0.00,0,0.0,0.1,0,0.5,0.1,8,0.0,0,0,0.05,0.05,27%,6.7
146,Cesc Fabregas,Chelsea,Spain,33,175,0,0,1,0,67%,33%,48%,0.0,114.7,0.5,99.3,87%,0.00,0,0.0,0.5,0,0.5,0.0,3,0.0,0,0,0.00,0.00,0%,6.5
147,Łukasz Fabiański,West Ham,Poland,35,3420,0,0,0,0,-,85%,81%,0.7,38.6,0.0,28.2,50%,0.00,0,0.1,0.0,0,0.0,0.0,7,3.9,1,0,0.00,0.00,0%,6.7
148,Marouane Fellaini,Man Utd,Belgium,32,744,0,1,1,0,62%,68%,59%,4.0,68.6,0.5,51.3,81%,0.12,0,0.1,0.7,0,0.8,0.4,2,0.0,0,0,0.00,0.00,43%,6.5
149,Femenía Far,Watford,Spain,29,2045,1,1,1,0,62%,53%,56%,2.8,64.4,1.6,40.7,83%,0.05,2,0.6,2.8,0,0.3,0.1,5,0.0,0,0,0.05,0.05,33%,6.3
150,Federico Fernández,Newcastle,Argentina,31,1484,0,1,2,0,75%,55%,53%,6.2,50.6,1.5,37.1,79%,0.06,1,0.0,0.3,0,0.2,0.1,4,0.0,0,1,0.00,0.00,25%,6.4
151,Bernardo,Brighton,Brazil,25,1750,0,1,4,0,69%,59%,64%,3.4,70.2,1.8,40.4,73%,0.05,0,0.7,1.6,0,0.4,0.1,4,0.0,0,0,0.00,0.00,38%,6.5
152,Phil Foden,Man City,England,20,327,1,0,0,0,85%,22%,47%,0.3,81.2,1.1,63.6,87%,0.00,2,2.2,1.1,0,3.9,1.6,8,0.0,0,1,0.28,0.28,43%,6.9
153,Fraser Forster,Southampton,England,32,90,0,0,0,0,-,-,-,1.0,28.0,0.0,19.0,32%,0.00,0,0.0,0.0,0,0.0,0.0,0,3.0,0,0,0.00,0.00,0%,5.7
154,Ben Foster,Watford,England,37,3420,0,0,1,0,100%,100%,80%,1.2,39.5,0.1,30.3,45%,0.00,0,0.0,0.0,0,0.0,0.0,7,3.3,1,4,0.00,0.00,0%,6.4
155,Timothy Fosu-Mensah,Fulham,Netherlands,22,795,0,0,3,0,39%,35%,51%,2.8,66.4,1.4,46.0,81%,0.00,0,0.9,1.7,0,0.5,0.1,1,0.0,0,0,0.00,0.00,25%,5.9
156,Juan Foyth,Tottenham,Argentina,22,888,1,0,3,1,55%,57%,62%,4.9,79.0,1.0,59.4,85%,0.00,2,1.9,0.2,0,0.4,0.1,4,0.0,0,1,0.10,0.10,25%,6.8
157,Simon Francis,Bournemouth,England,35,1226,0,2,1,0,56%,54%,53%,4.8,74.4,1.4,48.0,73%,0.14,0,0.4,2.4,0,0.2,0.1,5,0.0,0,0,0.00,0.00,33%,6.3
158,Ryan Fraser,Bournemouth,Scotland,26,3173,7,14,2,0,59%,29%,52%,0.5,53.7,0.6,33.9,77%,0.40,28,0.7,7.7,0,1.4,0.7,10,0.0,0,6,0.20,0.20,49%,6.8
159,Ryan Fredericks,West Ham,England,28,1085,1,0,5,0,61%,62%,65%,3.2,61.0,1.1,36.1,71%,0.00,1,1.0,1.7,0,0.4,0.2,3,0.0,0,1,0.08,0.08,40%,6.4
160,Jorginho,Chelsea,Italy,28,3165,2,0,8,0,50%,39%,46%,1.0,101.0,1.8,88.7,89%,0.00,6,0.4,0.1,1,0.5,0.2,16,0.0,0,0,0.05,0.03,37%,7.2
161,Christian Fuchs,Leicester City,Austria,34,206,0,0,0,0,75%,50%,56%,3.1,83.0,1.8,51.5,83%,0.00,0,0.4,6.5,0,0.9,0.0,0,0.0,0,0,0.00,0.00,0%,6.5
162,Ilkay Gündogan,Man City,Germany,30,2135,6,3,3,0,63%,52%,51%,0.8,100.0,1.2,84.1,91%,0.13,6,0.8,4.1,0,1.8,0.5,15,0.0,0,5,0.25,0.25,26%,7.3
163,Manolo Gabbiadini,Southampton,Italy,28,470,1,0,0,0,34%,22%,34%,0.9,38.9,0.6,23.2,68%,0.00,0,0.4,0.8,0,3.8,1.5,3,0.0,0,0,0.19,0.19,40%,5.8
164,Sam Gallagher,Southampton,Scotland,25,30,0,0,0,0,-,-,-,0,0,0,0,-,0,0,0,0,0,0,0,1,0,0,0,0,0,-,5.2
165,Paulo Gazzaniga,Tottenham,Argentina,28,270,0,0,0,0,-,-,-,1.0,41.7,0.0,31.7,64%,0.00,0,0.0,0.0,0,0.0,0.0,1,3.7,0,0,0.00,0.00,0%,7.0
166,Rachid Ghezzal,Leicester City,Algeria,28,738,1,0,3,0,36%,59%,44%,0.4,76.7,0.9,51.7,79%,0.00,3,2.3,5.5,0,2.3,0.6,3,0.0,0,0,0.13,0.13,26%,6.2
167,Morgan Gibbs-White,Wolves,England,20,647,0,1,1,0,49%,40%,42%,0.0,62.2,0.1,44.0,84%,0.14,2,1.7,2.4,0,1.1,0.1,5,0.0,0,0,0.00,0.00,13%,6.0
168,Ben Gibson,Burnley,England,27,63,1,0,1,0,-,-,-,0,0,0,0,-,0,0,0,0,0,0,0,0,0,0,0,0,0,-,7.0
169,Olivier Giroud,Chelsea,France,34,832,2,4,1,0,69%,63%,53%,0.7,40.1,0.3,28.2,68%,0.43,3,0.2,0.1,0,3.5,1.1,12,0.0,0,0,0.22,0.22,31%,6.3
170,Joe Gomez,Liverpool,England,23,1060,0,0,2,0,65%,56%,57%,3.3,81.8,1.2,66.8,88%,0.00,0,0.3,0.6,0,0.4,0.1,11,0.0,0,1,0.00,0.00,20%,6.9
171,Jon Gorenc-Stankovič,Huddersfield,Slovenia,24,718,1,0,2,0,69%,58%,60%,2.4,51.8,1.1,36.9,76%,0.00,0,0.1,0.0,0,1.1,0.3,2,0.0,0,0,0.13,0.13,22%,6.1
172,Dan Gosling,Bournemouth,England,30,1737,2,1,8,0,41%,48%,52%,2.3,66.0,1.0,50.2,80%,0.05,2,0.6,0.3,0,1.1,0.4,7,0.0,0,1,0.11,0.11,33%,6.4
173,Andre Gray,Watford,England,29,1358,7,2,2,0,30%,24%,26%,0.3,28.6,0.1,15.6,66%,0.14,3,0.5,0.5,0,2.3,1.1,5,0.0,0,1,0.46,0.46,49%,6.0
174,Demarai Gray,Leicester City,England,24,1992,4,1,2,0,48%,24%,43%,0.6,48.1,0.4,29.6,78%,0.05,0,1.9,2.4,0,2.1,0.9,8,0.0,0,0,0.18,0.18,40%,6.2
175,Mason Greenwood,Man Utd,England,19,115,0,0,0,0,100%,0%,44%,0.8,71.2,0.0,47.0,85%,0.00,0,2.4,0.8,0,5.5,3.1,0,0.0,0,0,0.00,0.00,57%,7.8
176,Pascal Groß,Brighton,Germany,29,1878,3,3,1,0,43%,33%,40%,1.1,57.3,0.6,38.8,76%,0.14,9,0.2,6.8,1,1.1,0.4,3,0.0,0,0,0.14,0.10,38%,6.3
177,Jóhann Berg Guðmundsson,Burnley,Iceland,30,1748,3,6,2,0,43%,49%,45%,1.6,48.4,1.7,25.3,73%,0.31,3,0.8,6.1,0,1.7,0.5,6,0.0,0,2,0.15,0.15,27%,6.4
178,Idrissa Gana Guèye,Everton,Senegal,31,2825,0,2,6,0,63%,48%,59%,1.4,72.9,2.4,55.4,84%,0.06,0,0.7,0.4,0,0.6,0.1,13,0.0,0,2,0.00,0.00,21%,7.1
179,Vicente Guaita,Crystal Palace,Spain,33,1755,0,0,2,0,-,100%,92%,1.0,36.0,0.0,25.6,42%,0.00,0,0.0,0.0,0,0.0,0.0,7,3.3,0,2,0.00,0.00,0%,6.5
180,Mattéo Guendouzi,Arsenal,France,21,2143,0,0,9,0,59%,43%,56%,1.0,82.6,1.3,67.1,88%,0.00,3,1.0,0.6,0,0.7,0.2,4,0.0,0,0,0.00,0.00,25%,6.6
181,Angus Gunn,Southampton,England,24,1080,0,0,0,0,-,100%,80%,0.9,30.6,0.0,24.1,35%,0.00,0,0.0,0.0,0,0.0,0.0,3,2.8,1,1,0.00,0.00,0%,6.1
182,Aron Einar Gunnarsson,Cardiff,Iceland,31,2274,1,1,5,0,57%,59%,51%,2.1,49.6,1.5,29.6,72%,0.04,2,0.4,0.5,0,0.8,0.2,8,0.0,0,1,0.04,0.04,20%,6.4
183,Pierre Emile Højbjerg,Southampton,Denmark,25,2764,4,3,8,1,69%,62%,51%,0.9,77.0,1.9,58.4,83%,0.10,4,0.7,0.9,0,1.7,0.6,4,0.0,0,4,0.13,0.13,36%,7.1
184,Florent Hadergjonaj,Huddersfield,Kosovo,26,1840,0,0,1,0,56%,50%,53%,1.3,58.2,1.0,35.5,75%,0.00,2,0.5,4.5,0,0.3,0.1,4,0.0,0,0,0.00,0.00,33%,6.1
185,Ben Hamer,Huddersfield,England,32,553,0,0,0,0,-,100%,50%,0.7,39.1,0.2,31.1,45%,0.00,0,0.0,0.0,0,0.0,0.0,1,3.9,0,0,0.00,0.00,0%,5.3
186,Kadeem Harris,Cardiff,England,27,366,1,0,1,0,42%,25%,49%,1.0,45.7,0.7,21.6,70%,0.00,1,1.7,3.7,0,1.2,0.7,4,0.0,0,0,0.24,0.24,60%,5.7
187,Joe Hart,Burnley,England,33,1710,0,0,0,0,-,100%,81%,0.8,38.2,0.0,29.7,45%,0.00,0,0.0,0.0,0,0.0,0.0,4,4.0,1,0,0.00,0.00,0%,6.4
188,Isaac Hayden,Newcastle,England,25,1862,1,4,3,1,59%,57%,56%,1.4,52.4,1.9,34.8,79%,0.19,4,0.6,0.5,0,1.1,0.2,7,0.0,0,1,0.05,0.05,23%,6.7
189,Eden Hazard,Chelsea,Belgium,29,2926,16,15,2,0,65%,37%,57%,0.1,82.4,0.4,56.0,84%,0.46,18,4.3,4.5,4,2.9,1.3,15,0.0,0,14,0.50,0.37,46%,7.8
190,Rhys Healey,Cardiff,Wales,26,49,0,0,0,0,-,-,-,0,0,0,0,-,0,0,0,0,0,0,0,1,0,0,0,0,0,-,5.6
191,Tom Heaton,Burnley,England,34,1710,0,0,3,0,-,100%,74%,0.7,36.6,0.0,28.5,46%,0.00,0,0.1,0.0,0,0.1,0.0,4,3.3,0,0,0.00,0.00,0%,6.4
192,Jordan Henderson,Liverpool,England,30,1983,1,3,2,0,78%,54%,52%,0.6,93.1,1.4,79.0,87%,0.14,2,0.3,1.7,0,0.7,0.1,19,0.0,0,1,0.05,0.05,6%,6.9
193,Jeff Hendrick,Burnley,Republic of Ireland,28,2069,3,0,4,0,50%,38%,37%,1.1,41.2,0.5,28.7,75%,0.00,1,0.5,1.0,0,0.8,0.3,6,0.0,0,1,0.14,0.14,32%,5.9
194,Wayne Hennessey,Crystal Palace,Wales,33,1575,0,0,0,0,-,100%,84%,0.9,34.2,0.0,25.7,47%,0.00,0,0.0,0.0,0,0.0,0.0,5,2.5,1,2,0.00,0.00,0%,6.4
195,Javier Hernández,West Ham,Mexico,32,1335,7,1,2,0,-,32%,51%,0.5,34.2,0.1,21.7,71%,0.06,3,0.9,0.6,0,2.5,1.2,3,0.0,0,1,0.47,0.47,49%,6.1
196,Ander Herrera,Man Utd,Spain,31,1404,2,3,4,0,52%,26%,51%,1.4,80.6,2.4,62.8,88%,0.19,3,0.8,0.4,0,1.4,0.5,6,0.0,0,2,0.13,0.13,38%,6.9
197,Gonzalo Higuaín,Chelsea,Argentina,32,1092,5,0,0,0,70%,35%,32%,0.4,38.1,0.1,26.1,77%,0.00,2,0.7,0.2,0,3.8,1.2,5,0.0,0,0,0.41,0.41,33%,6.5
198,Wesley Hoedt,Southampton,Netherlands,26,1170,0,0,2,0,43%,58%,60%,5.8,63.9,1.8,47.8,79%,0.00,0,0.4,0.1,0,0.5,0.1,4,0.0,0,0,0.00,0.00,17%,6.4
199,Andreas Pereira,Man Utd,Brazil,24,595,1,1,5,0,75%,19%,29%,1.1,70.2,1.7,53.5,82%,0.15,2,1.1,1.8,0,1.2,0.3,1,0.0,0,0,0.15,0.15,25%,6.3
200,Jonathan Hogg,Huddersfield,England,31,2377,0,1,8,1,53%,47%,50%,0.7,72.9,2.7,58.6,83%,0.04,1,0.3,0.2,0,0.3,0.0,5,0.0,0,2,0.00,0.00,13%,6.6
201,Junior Hoilett,Cardiff,Canada,30,2142,3,1,4,0,67%,27%,38%,1.1,40.3,1.3,18.6,72%,0.05,2,1.0,3.6,0,1.7,0.4,9,0.0,0,0,0.13,0.13,25%,6.0
202,Rob Holding,Arsenal,England,25,807,0,0,1,0,64%,70%,60%,4.1,80.7,1.3,68.5,87%,0.00,0,0.3,0.1,0,0.2,0.0,2,0.0,0,0,0.00,0.00,0%,6.6
203,José Holebas,Watford,Greece,36,2394,3,6,12,1,59%,60%,53%,3.0,65.5,0.8,31.3,69%,0.23,8,0.8,7.9,0,0.6,0.2,5,0.0,0,2,0.12,0.12,29%,6.7
204,Mason Holgate,Everton,England,24,407,0,0,1,0,79%,45%,58%,6.9,68.8,0.7,55.9,77%,0.00,0,0.4,0.0,0,0.0,0.0,0,0.0,0,0,0.00,0.00,0%,6.2
205,Callum Hudson-Odoi,Chelsea,England,20,391,0,1,0,0,75%,50%,62%,0.0,71.1,0.7,47.6,86%,0.23,2,2.8,5.1,0,1.4,0.7,3,0.0,0,0,0.00,0.00,50%,6.5
206,Will Hughes,Watford,England,25,2436,2,4,5,0,59%,37%,50%,0.8,56.7,0.9,35.5,76%,0.14,5,1.0,0.8,0,1.1,0.3,5,0.0,0,0,0.07,0.07,23%,6.4
207,Emerson Hyndman,Bournemouth,United States,24,37,0,0,0,0,-,-,-,0,0,0,0,-,0,0,0,0,0,0,0,0,0,0,0,0,0,-,5.9
208,Jordon Ibe,Bournemouth,England,24,794,1,1,1,0,84%,25%,42%,0.5,49.5,0.5,28.3,78%,0.12,0,2.9,3.1,0,1.0,0.3,4,0.0,0,0,0.12,0.12,33%,6.1
209,Vicente Iborra,Leicester City,Spain,32,226,0,0,0,0,33%,73%,37%,1.2,68.9,3.2,58.5,86%,0.00,0,0.0,0.0,0,0.8,0.4,3,0.0,0,0,0.00,0.00,50%,6.1
210,Kelechi Iheanacho,Leicester City,Nigeria,24,926,1,3,2,0,83%,28%,31%,0.2,40.7,0.2,26.8,76%,0.29,3,0.9,0.6,0,1.8,0.6,6,0.0,0,0,0.10,0.10,33%,5.9
211,Danny Ings,Southampton,England,28,1668,7,3,1,0,47%,25%,40%,0.4,38.9,0.3,21.2,71%,0.16,6,1.1,0.8,3,3.0,1.2,6,0.0,0,0,0.38,0.22,42%,6.4
212,João Moutinho,Wolves,Portugal,34,3040,1,8,4,0,51%,34%,46%,1.2,74.0,1.2,55.2,85%,0.23,7,0.4,5.8,0,0.5,0.1,9,0.0,0,4,0.03,0.03,17%,6.8
213,Alex Iwobi,Arsenal,Nigeria,24,1972,3,6,0,0,50%,16%,39%,0.5,64.6,0.6,43.4,78%,0.27,10,2.1,2.6,0,1.6,0.6,8,0.0,0,1,0.14,0.14,40%,6.4
214,José Izquierdo,Brighton,Colombia,28,794,0,1,1,0,60%,17%,40%,0.8,39.1,0.6,23.2,75%,0.12,0,1.5,0.7,0,1.7,0.3,5,0.0,0,0,0.00,0.00,20%,5.8
215,Phil Jagielka,Everton,England,38,329,1,0,0,1,71%,48%,55%,3.6,62.6,0.6,52.7,74%,0.00,0,0.0,0.0,0,0.3,0.3,5,0.0,0,0,0.27,0.27,100%,6.4
216,Alireza Jahanbakhsh,Brighton,Iran,27,1022,0,0,2,0,56%,38%,38%,0.2,45.3,1.0,24.4,69%,0.00,0,1.0,2.0,0,1.9,0.5,4,0.0,0,0,0.00,0.00,29%,5.8
217,Daryl Janmaat,Watford,Netherlands,31,1521,0,2,3,0,67%,61%,56%,3.6,61.0,1.9,35.4,76%,0.12,1,0.8,3.6,0,0.7,0.1,3,0.0,0,0,0.00,0.00,9%,6.6
218,Vincent Janssen,Tottenham,Netherlands,26,36,0,0,0,0,-,-,-,0,0,0,0,-,0,0,0,0,0,0,0,1,0,0,0,0,0,-,-
219,Mathias Jørgensen,Huddersfield,Denmark,30,2148,3,1,6,0,63%,41%,48%,3.4,62.3,2.9,49.1,82%,0.05,1,0.1,0.2,0,0.3,0.2,3,0.0,0,2,0.13,0.13,50%,6.6
220,Carl Jenkinson,Arsenal,England,28,166,0,0,0,0,66%,34%,40%,1.1,60.5,0.0,40.9,77%,0.00,0,0.0,1.6,0,0.0,0.0,0,0.0,0,0,0.00,0.00,0%,5.9
221,Raúl Jiménez,Wolves,Mexico,29,3125,13,7,4,0,60%,42%,41%,1.1,48.1,0.8,30.5,73%,0.20,13,1.0,0.8,2,3.2,1.0,9,0.0,0,3,0.38,0.32,32%,6.7
222,David Silva,Man City,Spain,34,2411,6,8,2,0,61%,47%,48%,0.5,89.8,0.8,75.2,88%,0.30,16,1.2,2.8,0,1.9,0.8,17,0.0,0,3,0.23,0.23,39%,7.6
223,Stefan Johansen,Fulham,Norway,29,412,0,0,4,0,30%,34%,49%,1.1,67.2,0.7,54.8,80%,0.00,0,0.4,2.0,0,0.2,0.0,0,0.0,0,0,0.00,0.00,0%,5.8
224,Ben Johnson,West Ham,England,20,63,0,0,0,0,-,-,-,0,0,0,0,-,0,0,0,0,0,0,0,0,0,0,0,0,0,-,6.0
225,Phil Jones,Man Utd,England,28,1263,0,1,1,0,68%,72%,70%,4.4,67.0,1.6,53.8,93%,0.07,1,0.2,0.1,0,0.4,0.1,4,0.0,0,0,0.00,0.00,40%,6.8
226,Christian Kabasele,Watford,Belgium,29,1587,0,0,4,0,56%,57%,56%,6.0,45.8,2.2,31.2,74%,0.00,0,0.0,0.1,0,0.5,0.1,4,0.0,0,0,0.00,0.00,25%,6.2
227,Elias Kachunga,Huddersfield,Congo DR,28,1181,0,0,2,0,41%,44%,42%,0.7,38.1,0.3,22.6,71%,0.00,0,0.8,1.1,0,1.1,0.2,2,0.0,0,0,0.00,0.00,21%,5.6
228,Aboubakar Kamara,Fulham,France,25,687,3,0,2,0,50%,45%,38%,0.7,49.4,0.1,29.5,73%,0.00,1,1.6,2.4,1,2.7,1.3,2,0.0,0,0,0.39,0.26,48%,6.2
229,Harry Kane,Tottenham,England,27,2427,17,4,5,0,58%,42%,43%,0.5,38.3,0.0,20.4,73%,0.14,7,1.5,0.4,4,3.8,1.7,10,0.0,0,3,0.63,0.49,45%,6.9
230,N'Golo Kanté,Chelsea,France,29,3096,4,4,3,0,55%,39%,42%,0.8,74.5,1.3,58.8,88%,0.12,4,0.9,0.6,0,0.8,0.2,15,0.0,0,1,0.12,0.12,21%,7.0
231,Beram Kayal,Brighton,Israel,32,933,1,1,4,0,61%,37%,44%,2.4,42.9,1.4,26.1,71%,0.10,2,1.1,1.0,0,0.5,0.2,5,0.0,0,1,0.10,0.10,40%,6.4
232,Naby Keïta,Liverpool,Guinea,25,1392,2,1,0,0,41%,32%,41%,0.8,84.1,0.8,65.0,88%,0.06,1,1.6,0.3,0,1.8,0.7,15,0.0,0,0,0.13,0.13,37%,6.8
233,Michael Keane,Everton,England,27,2970,1,2,2,0,61%,61%,61%,5.4,59.3,1.3,46.8,81%,0.06,3,0.2,0.1,0,0.9,0.3,13,0.0,0,2,0.03,0.03,29%,6.8
234,Neeskens Kebano,Fulham,Congo DR,28,101,0,0,0,0,33%,57%,63%,2.7,49.9,0.0,25.8,83%,0.00,0,3.6,1.8,0,0.9,0.0,0,0.0,0,0,0.00,0.00,0%,5.7
235,Martin Kelly,Crystal Palace,England,30,1110,0,0,2,0,62%,57%,59%,6.9,42.6,0.9,28.9,75%,0.00,0,0.0,0.2,0,0.2,0.1,3,0.0,0,0,0.00,0.00,33%,6.1
236,Jonjoe Kenny,Everton,England,23,790,0,1,1,0,73%,68%,54%,3.4,80.9,1.9,48.6,72%,0.12,1,0.6,1.9,0,0.3,0.0,2,0.0,0,0,0.00,0.00,0%,6.7
237,Ki Sungyueng,Newcastle,Korea Republic,31,1302,0,1,2,0,71%,50%,50%,1.3,55.0,1.3,41.3,85%,0.07,2,0.3,3.7,0,0.6,0.1,5,0.0,0,0,0.00,0.00,22%,6.4
238,Anthony Knockaert,Brighton,France,28,1833,2,6,4,1,64%,66%,48%,0.3,52.0,1.4,30.3,77%,0.30,6,1.6,5.3,0,1.3,0.4,3,0.0,0,0,0.10,0.10,33%,6.3
239,Joshua King,Bournemouth,Norway,28,2974,12,3,3,0,64%,43%,40%,0.4,45.2,0.2,24.3,72%,0.09,10,2.0,1.3,5,2.2,0.7,9,0.0,0,3,0.36,0.22,32%,6.5
240,Sead Kolašinac,Arsenal,Bosnia and Herzegovina,27,1891,0,5,5,0,62%,41%,46%,1.2,70.0,0.9,46.2,78%,0.23,10,0.6,2.4,0,0.4,0.1,5,0.0,0,1,0.00,0.00,22%,6.5
241,Vincent Kompany,Man City,Belgium,34,1223,1,0,6,0,63%,68%,62%,4.0,99.8,1.2,90.3,93%,0.00,0,0.2,0.0,0,0.4,0.1,7,0.0,0,0,0.07,0.07,20%,7.2
242,Terence Kongolo,Huddersfield,Netherlands,26,2722,1,1,4,0,62%,60%,66%,3.2,55.9,2.1,38.0,78%,0.04,1,0.3,0.9,0,0.5,0.1,4,0.0,0,0,0.04,0.04,29%,6.3
243,Laurent Koscielny,Arsenal,France,35,1328,3,0,1,0,58%,47%,56%,4.7,73.2,2.0,60.3,92%,0.00,0,0.1,0.0,0,0.3,0.3,4,0.0,0,1,0.21,0.21,80%,6.8
244,Cheikhou Kouyaté,Crystal Palace,Senegal,30,1897,0,2,3,0,55%,47%,48%,1.5,51.3,0.8,36.3,80%,0.10,0,0.6,0.4,0,0.9,0.4,11,0.0,0,0,0.00,0.00,40%,6.4
245,Mateo Kovačić,Chelsea,Croatia,26,1743,0,2,3,0,64%,52%,56%,0.9,93.5,0.4,75.8,92%,0.10,1,2.2,0.4,0,1.4,0.2,12,0.0,0,0,0.00,0.00,14%,6.8
246,Jonas Lössl,Huddersfield,Denmark,31,2777,0,1,1,0,-,80%,75%,1.0,41.1,0.1,32.6,61%,0.04,1,0.0,0.0,0,0.0,0.0,5,2.9,1,1,0.00,0.00,0%,6.4
247,Chris Löwe,Huddersfield,Germany,31,2057,0,2,2,0,53%,44%,50%,2.3,58.8,1.0,36.8,75%,0.09,2,0.4,6.1,0,0.8,0.3,1,0.0,0,0,0.00,0.00,33%,5.9
248,Alexandre Lacazette,Arsenal,France,29,2503,13,8,2,0,46%,34%,42%,1.0,47.2,0.5,27.7,74%,0.29,6,1.7,1.0,0,2.9,1.1,7,0.0,0,1,0.47,0.47,37%,6.8
249,Adam Lallana,Liverpool,England,32,465,0,0,1,0,56%,39%,54%,0.2,79.9,1.0,58.5,82%,0.00,0,1.6,1.6,0,1.0,0.4,6,0.0,0,0,0.00,0.00,40%,6.4
250,Erik Lamela,Tottenham,Argentina,28,971,4,2,2,0,77%,21%,42%,0.1,60.2,0.7,39.1,83%,0.19,4,1.9,2.6,0,2.7,1.0,5,0.0,0,0,0.37,0.37,38%,6.6
251,Manuel Lanzini,West Ham,Argentina,27,688,1,1,2,0,59%,22%,44%,0.9,75.0,1.2,59.0,90%,0.14,2,1.7,2.1,0,1.4,0.5,2,0.0,0,0,0.14,0.14,36%,6.8
252,Aymeric Laporte,Man City,France,26,3057,3,3,3,0,48%,58%,60%,2.8,98.8,1.1,88.3,92%,0.09,1,0.1,0.2,0,0.8,0.2,18,0.0,0,2,0.09,0.09,27%,7.4
253,Jamaal Lascelles,Newcastle,England,27,2748,0,1,4,0,66%,67%,66%,7.0,50.0,1.3,36.2,77%,0.04,2,0.0,0.1,0,0.4,0.0,11,0.0,0,1,0.00,0.00,9%,6.6
254,Maxime Le Marchand,Fulham,France,31,2251,0,1,5,0,64%,56%,55%,4.9,73.5,2.2,55.4,83%,0.04,1,0.4,0.7,0,0.2,0.0,4,0.0,0,0,0.00,0.00,0%,6.4
255,Florian Lejeune,Newcastle,France,29,1055,0,0,0,0,60%,65%,60%,3.8,61.9,1.8,48.0,76%,0.00,0,0.3,0.6,0,0.6,0.2,3,0.0,0,0,0.00,0.00,29%,6.6
256,Mario Lemina,Southampton,Gabon,27,1615,1,1,5,0,65%,65%,53%,1.7,64.3,2.4,45.1,86%,0.05,2,1.3,0.5,0,1.4,0.3,4,0.0,0,1,0.05,0.05,20%,6.7
257,Aaron Lennon,Burnley,England,33,1217,1,1,1,0,62%,13%,49%,0.9,34.9,0.7,20.5,79%,0.07,0,0.5,1.8,0,0.3,0.1,4,0.0,0,0,0.07,0.07,50%,5.9
258,Bernd Leno,Arsenal,Germany,28,2835,0,0,0,0,-,92%,72%,1.0,40.5,0.1,29.3,69%,0.00,0,0.0,0.0,0,0.0,0.0,7,3.3,0,0,0.00,0.00,0%,6.6
259,Jefferson Lerma,Bournemouth,Colombia,26,2511,2,0,12,0,70%,51%,52%,3.0,71.9,1.9,56.0,83%,0.00,2,0.7,0.1,0,1.1,0.3,8,0.0,0,0,0.07,0.07,26%,6.8
260,Stephan Lichtsteiner,Arsenal,Switzerland,36,940,0,0,3,0,60%,52%,48%,2.2,68.7,0.9,46.0,79%,0.00,0,0.4,2.9,0,0.1,0.0,2,0.0,0,0,0.00,0.00,0%,6.0
261,Victor Lindelof,Man Utd,Sweden,26,2602,1,1,1,0,68%,63%,65%,4.1,62.1,0.8,51.5,89%,0.04,4,0.3,0.0,0,0.3,0.0,6,0.0,0,1,0.04,0.04,13%,6.6
262,Jesse Lingard,Man Utd,England,27,1668,4,2,3,0,62%,16%,39%,0.3,56.1,0.5,41.0,86%,0.11,5,0.7,1.0,1,1.7,0.8,6,0.0,0,1,0.22,0.16,44%,6.4
263,Fernando Llorente,Tottenham,Spain,35,683,1,4,2,0,49%,52%,48%,1.3,44.9,0.1,29.4,66%,0.53,2,0.7,0.1,0,3.2,0.7,7,0.0,0,1,0.14,0.14,21%,6.3
264,Hugo Lloris,Tottenham,France,33,2970,0,0,0,0,-,100%,86%,1.0,41.6,0.0,31.7,74%,0.00,0,0.0,0.0,0,0.0,0.0,12,3.1,2,3,0.00,0.00,0%,6.8
265,Jürgen Locadia,Brighton,Netherlands,27,1227,2,0,1,0,66%,35%,39%,0.7,38.5,0.7,24.3,73%,0.00,1,0.4,0.9,0,2.0,0.7,4,0.0,0,0,0.14,0.14,36%,5.9
266,Ruben Loftus-Cheek,Chelsea,England,24,983,6,2,0,0,67%,50%,55%,0.5,80.0,1.0,55.9,88%,0.18,1,3.8,0.2,0,2.6,0.7,12,0.0,0,1,0.55,0.55,29%,7.0
267,Shane Long,Southampton,Republic of Ireland,33,1269,5,1,3,0,54%,42%,40%,1.3,39.5,0.5,21.6,65%,0.07,3,0.3,1.0,0,2.1,0.7,5,0.0,0,0,0.35,0.35,33%,6.1
268,Kevin Long,Burnley,Republic of Ireland,30,513,0,1,0,0,56%,54%,59%,6.0,44.6,1.2,29.5,81%,0.17,1,0.2,0.0,0,0.2,0.0,1,0.0,0,0,0.00,0.00,0%,6.4
269,Sean Longstaff,Newcastle,England,23,688,1,0,2,0,77%,43%,48%,0.9,52.1,1.3,38.4,81%,0.00,1,0.7,0.4,0,1.0,0.3,3,0.0,0,0,0.14,0.14,25%,6.5
270,Ademola Lookman,Everton,England,23,601,0,2,0,0,46%,55%,56%,0.3,65.7,1.0,37.9,85%,0.30,3,3.5,2.3,0,1.8,0.5,8,0.0,0,0,0.00,0.00,25%,6.2
271,Dejan Lovren,Liverpool,Croatia,31,985,1,0,1,0,60%,68%,67%,4.7,87.4,1.0,75.0,87%,0.00,0,0.0,0.4,0,0.6,0.1,6,0.0,0,0,0.09,0.09,17%,7.0
272,Matthew Lowton,Burnley,England,31,1748,0,0,7,0,63%,67%,56%,3.6,61.7,1.5,32.9,69%,0.00,1,0.6,3.0,0,0.2,0.1,4,0.0,0,0,0.00,0.00,25%,6.2
273,Romelu Lukaku,Man Utd,Belgium,27,2130,12,0,4,0,50%,52%,41%,0.8,36.1,0.1,22.6,66%,0.00,3,0.9,1.9,0,2.3,1.4,7,0.0,0,3,0.50,0.50,58%,6.4
274,James Maddison,Leicester City,England,23,2850,7,7,4,0,66%,25%,53%,0.2,66.3,0.4,44.4,84%,0.23,13,1.6,6.5,1,2.6,0.9,8,0.0,0,2,0.23,0.19,34%,6.8
275,Gary Madine,Cardiff,England,30,32,0,0,0,0,-,-,-,0,0,0,0,-,0,0,0,0,0,0,0,0,0,0,0,0,0,-,-
276,Harry Maguire,Leicester City,England,28,2599,3,0,6,1,55%,78%,73%,5.3,74.0,1.3,60.5,86%,0.00,1,0.6,0.0,0,1.0,0.5,7,0.0,0,3,0.11,0.11,43%,7.0
277,Riyad Mahrez,Man City,Algeria,29,1339,7,4,0,0,49%,44%,46%,0.1,75.7,0.6,53.6,85%,0.27,9,1.7,4.9,0,3.6,1.7,13,0.0,0,1,0.47,0.47,46%,7.0
278,Ainsley Maitland-Niles,Arsenal,England,23,985,1,1,2,0,67%,33%,52%,1.0,71.5,1.7,41.2,78%,0.09,1,1.7,1.6,0,0.5,0.3,4,0.0,0,0,0.09,0.09,60%,6.4
279,Sadio Mané,Liverpool,Senegal,28,3086,22,1,2,0,83%,33%,45%,0.2,52.7,0.4,34.5,78%,0.03,7,1.5,1.1,0,2.5,1.2,20,0.0,0,5,0.64,0.64,48%,7.1
280,Javier Manquillo,Newcastle,Spain,26,1097,0,3,2,0,71%,49%,52%,3.9,57.6,1.4,28.9,70%,0.24,1,0.4,2.3,0,0.2,0.1,6,0.0,0,0,0.00,0.00,50%,6.4
281,Solomon March,Brighton,England,26,2472,1,5,1,0,43%,22%,44%,0.9,51.4,1.0,27.5,71%,0.18,8,1.8,5.5,0,1.6,0.3,6,0.0,0,1,0.04,0.04,21%,6.2
282,Adrian Mariappa,Watford,Jamaica,34,1921,0,0,3,0,63%,50%,50%,5.6,53.3,1.2,41.3,82%,0.00,1,0.1,0.1,0,0.3,0.1,6,0.0,0,1,0.00,0.00,14%,6.4
283,Lazar Marković,Fulham,Serbia,26,44,0,0,0,0,-,-,-,0,0,0,0,-,0,0,0,0,0,0,0,0,0,0,0,0,0,-,6.2
284,Anthony Martial,Man Utd,France,24,1623,10,2,2,0,78%,50%,45%,0.4,58.0,0.2,39.2,79%,0.11,3,1.8,1.9,1,2.2,1.3,5,0.0,0,3,0.56,0.50,59%,6.8
285,Adam Masina,Watford,Italy,26,1003,0,1,5,0,57%,60%,58%,3.2,65.6,1.5,39.1,81%,0.09,2,0.6,2.8,0,0.3,0.0,2,0.0,0,0,0.00,0.00,0%,6.3
286,Arthur Masuaku,West Ham,Congo DR,27,1756,0,1,2,0,44%,50%,54%,2.9,73.7,1.9,45.1,83%,0.05,0,1.9,1.9,0,0.2,0.1,6,0.0,0,0,0.00,0.00,25%,6.6
287,Juan Mata,Man Utd,Spain,32,1294,3,2,3,0,44%,25%,35%,0.3,63.1,0.4,48.7,86%,0.14,5,0.7,4.7,0,1.3,0.4,4,0.0,0,1,0.21,0.21,32%,6.5
288,Nemanja Matić,Man Utd,Serbia,32,2441,1,0,7,0,60%,62%,53%,1.9,81.2,1.1,67.7,87%,0.00,0,0.7,0.3,0,0.4,0.1,6,0.0,0,1,0.04,0.04,25%,6.8
289,Joël Matip,Liverpool,Cameroon,29,1532,1,0,3,0,67%,70%,70%,4.5,92.6,1.8,78.8,87%,0.00,1,0.3,0.0,0,0.5,0.1,11,0.0,0,2,0.06,0.06,25%,7.3
290,Konstantinos Mavropanos,Arsenal,Greece,22,150,0,0,1,0,-,40%,50%,3.0,95.4,4.2,82.8,93%,0.00,1,1.2,0.0,0,1.2,0.0,1,0.0,0,0,0.00,0.00,0%,6.6
291,Alfie Mawson,Fulham,England,26,1131,0,0,2,0,64%,60%,61%,5.1,50.0,1.5,38.0,82%,0.00,0,0.0,0.2,0,0.2,0.1,3,0.0,0,0,0.00,0.00,50%,6.1
292,Isaac Mbenza,Huddersfield,Belgium,24,981,1,1,1,0,90%,16%,36%,0.4,35.0,0.5,21.3,75%,0.09,2,0.5,3.1,0,1.5,0.5,4,0.0,0,0,0.09,0.09,31%,5.7
293,James McArthur,Crystal Palace,Scotland,33,3071,3,6,7,0,61%,45%,47%,1.3,58.2,1.1,41.0,79%,0.18,5,0.6,0.4,0,1.0,0.2,12,0.0,0,0,0.09,0.09,24%,6.6
294,James McCarthy,Everton,Republic of Ireland,30,14,0,0,0,0,-,-,-,0,0,0,0,-,0,0,0,0,0,0,0,1,0,0,0,0,0,-,-
295,Alex McCarthy,Southampton,England,30,2250,0,0,1,0,-,100%,100%,0.9,32.0,0.0,23.4,45%,0.00,0,0.0,0.0,0,0.0,0.0,4,3.1,0,2,0.00,0.00,0%,6.3
296,Kevin McDonald,Fulham,Scotland,32,842,0,0,5,0,74%,83%,60%,2.1,71.7,1.0,61.9,85%,0.00,0,0.0,0.1,0,0.4,0.0,0,0.0,0,0,0.00,0.00,0%,6.2
297,Dwight McNeil,Burnley,England,20,1599,3,5,2,0,61%,48%,46%,1.8,49.1,0.7,25.5,76%,0.28,5,1.8,6.6,0,1.5,0.3,4,0.0,0,0,0.17,0.17,22%,6.5
298,Scott McTominay,Man Utd,Scotland,23,861,2,0,1,0,91%,57%,53%,1.7,60.8,1.6,46.9,83%,0.00,0,0.1,0.2,0,1.6,0.6,3,0.0,0,0,0.21,0.21,40%,6.6
299,Benjamin Mee,Burnley,England,31,3420,0,2,9,0,42%,59%,61%,6.1,53.6,1.3,39.5,75%,0.05,3,0.2,0.1,0,0.6,0.1,8,0.0,0,0,0.00,0.00,19%,6.3
300,Nathaniel Mendez-Laing,Cardiff,England,28,984,4,1,0,0,74%,35%,48%,1.2,47.0,1.2,23.3,62%,0.09,2,2.6,2.5,1,1.8,0.9,6,0.0,0,0,0.37,0.27,50%,6.3
301,Benjamin Mendy,Man City,France,26,900,0,5,1,0,63%,27%,37%,1.6,92.6,1.0,65.0,88%,0.50,4,0.9,5.1,0,0.7,0.3,4,0.0,0,1,0.00,0.00,43%,7.4
302,Nampalys Mendy,Leicester City,France,28,2088,0,0,5,0,55%,35%,55%,0.9,56.3,1.0,45.1,89%,0.00,0,0.7,0.1,0,0.1,0.0,9,0.0,0,0,0.00,0.00,0%,6.4
303,Chris Mepham,Bournemouth,Wales,23,849,0,1,1,0,34%,62%,61%,6.0,56.4,1.5,42.9,80%,0.11,1,0.3,0.1,0,0.2,0.0,3,0.0,0,0,0.00,0.00,0%,6.2
304,Max Meyer,Crystal Palace,Germany,25,1414,1,2,3,0,54%,20%,52%,1.1,59.5,0.9,42.2,84%,0.13,0,0.8,1.5,0,2.4,0.5,8,0.0,0,0,0.06,0.06,21%,6.3
305,Luka Milivojević,Crystal Palace,Serbia,29,3420,12,2,10,0,76%,58%,52%,1.7,71.5,1.9,52.3,80%,0.05,4,0.3,4.9,10,1.5,0.7,12,0.0,0,5,0.32,0.05,44%,7.0
306,James Milner,Liverpool,England,34,1785,5,4,6,0,53%,42%,53%,1.1,96.5,0.9,70.6,85%,0.20,6,0.8,6.8,3,1.2,0.4,18,0.0,0,1,0.25,0.10,33%,6.9
307,Yerry Mina,Everton,Colombia,26,890,1,0,3,0,50%,58%,57%,5.1,62.7,0.8,51.0,84%,0.00,0,0.0,0.0,0,0.4,0.1,4,0.0,0,0,0.10,0.10,25%,6.4
308,Tyrone Mings,Bournemouth,England,27,141,0,0,0,0,75%,50%,67%,5.1,79.8,3.8,55.5,84%,0.00,0,1.3,0.6,0,0.0,0.0,0,0.0,0,0,0.00,0.00,0%,6.8
309,Aleksandar Mitrović,Fulham,Serbia,26,3282,11,3,7,0,46%,49%,44%,1.5,46.2,0.2,28.1,72%,0.08,5,0.7,0.2,1,3.6,1.3,5,0.0,0,2,0.31,0.27,37%,6.6
310,Henrikh Mkhitaryan,Arsenal,Armenia,31,1643,6,4,1,0,79%,46%,39%,0.6,65.5,0.9,43.6,80%,0.22,10,1.1,3.5,0,2.7,0.8,4,0.0,0,4,0.32,0.32,29%,6.9
311,Nacho Monreal,Arsenal,Spain,34,1861,1,3,5,0,49%,48%,58%,2.6,76.4,1.5,56.5,88%,0.14,4,0.3,1.4,0,0.3,0.2,6,0.0,0,0,0.05,0.05,57%,6.7
312,Martín Montoya,Brighton,Spain,29,2166,0,1,4,0,61%,47%,52%,2.6,61.6,2.0,35.6,80%,0.05,1,0.5,1.5,0,0.3,0.1,3,0.0,0,0,0.00,0.00,13%,6.3
313,Aaron Mooy,Huddersfield,Australia,30,2327,3,1,4,0,68%,36%,44%,0.8,69.5,0.6,49.4,80%,0.04,4,0.9,5.3,1,1.7,0.5,4,0.0,0,1,0.12,0.08,33%,6.6
314,Álvaro Morata,Chelsea,Spain,28,943,5,0,3,0,62%,39%,38%,0.6,36.6,0.0,21.9,77%,0.00,0,0.6,0.3,0,3.3,1.5,9,0.0,0,0,0.48,0.48,46%,6.3
315,David Luiz,Chelsea,Brazil,33,3239,3,2,3,0,75%,53%,57%,4.0,84.5,1.0,72.8,88%,0.05,11,0.3,0.1,0,0.9,0.2,16,0.0,0,3,0.08,0.08,24%,7.0
316,Alberto Moreno,Liverpool,Spain,28,155,0,0,0,0,66%,0%,50%,0.0,81.9,1.2,61.0,88%,0.00,0,1.2,1.8,0,0.6,0.0,0,0.0,0,0,0.00,0.00,0%,6.4
317,Wes Morgan,Leicester City,Jamaica,36,1926,3,0,3,0,56%,68%,67%,4.9,54.6,1.5,41.7,81%,0.00,0,0.1,0.0,0,0.7,0.2,6,0.0,0,0,0.14,0.14,36%,6.6
318,Sean Morrison,Cardiff,England,29,3040,1,3,6,0,48%,66%,63%,5.9,41.1,1.5,21.8,63%,0.09,3,0.2,0.1,0,1.0,0.3,9,0.0,0,0,0.03,0.03,29%,6.3
319,Victor Moses,Chelsea,Nigeria,29,26,0,0,0,0,-,-,-,0,0,0,0,-,0,0,0,0,0,0,0,1,0,0,0,0,0,-,-
320,Bernardo Silva,Man City,Portugal,26,2853,7,7,3,0,75%,29%,43%,0.8,72.1,0.8,53.8,86%,0.23,10,1.6,2.2,0,1.9,0.7,18,0.0,0,3,0.23,0.23,35%,7.1
321,Steve Mounié,Huddersfield,Benin,26,1777,2,3,1,1,67%,61%,54%,0.8,43.3,0.3,28.2,65%,0.15,2,0.7,0.5,0,3.1,1.2,5,0.0,0,0,0.10,0.10,38%,6.3
322,Lys Mousset,Bournemouth,France,24,345,1,0,1,0,33%,41%,42%,0.5,56.4,0.3,31.6,72%,0.00,0,2.6,0.8,0,3.1,1.8,5,0.0,0,0,0.26,0.26,58%,6.1
323,Jacob Murphy,Newcastle,England,25,299,0,1,0,0,33%,57%,43%,1.8,36.1,0.3,13.3,66%,0.30,1,0.9,4.8,0,0.6,0.3,1,0.0,0,0,0.00,0.00,50%,5.7
324,Josh Murphy,Cardiff,England,25,1825,3,2,2,0,65%,25%,45%,0.4,39.9,0.5,15.2,60%,0.10,5,1.8,3.6,0,2.3,0.7,7,0.0,0,0,0.14,0.14,33%,6.1
325,Glenn Murray,Brighton,England,37,2514,13,1,5,0,41%,49%,44%,0.6,35.0,0.1,21.7,58%,0.04,2,0.3,0.3,4,1.9,0.8,7,0.0,0,2,0.47,0.32,39%,6.1
326,Shkodran Mustafi,Arsenal,Germany,28,2617,2,0,9,0,73%,67%,63%,5.5,76.5,2.0,60.8,82%,0.00,0,0.3,0.4,0,0.6,0.3,6,0.0,0,2,0.07,0.07,50%,6.6
327,Yoshinori Mutō,Newcastle,Japan,28,516,1,0,1,0,50%,27%,38%,0.5,39.8,0.9,19.7,71%,0.00,0,1.6,0.7,0,1.0,0.5,5,0.0,0,0,0.17,0.17,50%,5.8
328,Georges N'Koudou,Tottenham,France,25,4,0,1,0,0,-,-,-,0,0,0,0,-,0,0,0,0,0,0,0,0,0,0,0,0,0,-,-
329,Xande Silva,West Ham,Portugal,23,17,0,0,0,0,-,-,-,0,0,0,0,-,0,0,0,0,0,0,0,0,0,0,0,0,0,-,5.8
330,Samir Nasri,West Ham,France,33,246,0,2,0,0,-,0%,40%,0.4,65.4,0.4,56.9,88%,0.74,1,0.7,1.1,0,1.1,0.0,1,0.0,0,0,0.00,0.00,0%,6.3
331,Marc Navarro,Watford,Spain,25,84,0,0,0,0,-,-,-,0,0,0,0,-,0,0,0,0,0,0,0,0,0,0,0,0,0,-,5.9
332,Wilfred Ndidi,Leicester City,Nigeria,23,3299,2,0,8,0,69%,55%,57%,2.2,73.5,2.3,54.1,80%,0.00,2,0.9,0.3,0,1.5,0.2,10,0.0,0,4,0.05,0.05,16%,7.1
333,Baye Oumar Niasse,Cardiff,Senegal,30,998,0,0,0,0,25%,35%,37%,0.6,41.1,0.2,17.1,64%,0.00,1,1.9,0.5,0,1.8,0.6,3,0.0,0,0,0.00,0.00,35%,5.8
334,Eddie Nketiah,Arsenal,England,21,62,1,0,0,0,-,-,-,0,0,0,0,-,0,0,0,0,0,0,0,1,0,0,0,0,0,-,6.5
335,Mark Noble,West Ham,England,33,2308,5,5,6,1,55%,52%,49%,0.5,72.1,0.8,58.8,85%,0.20,2,0.6,0.9,4,0.7,0.3,7,0.0,0,2,0.20,0.04,47%,6.7
336,Håvard Nordtveit,Fulham,Norway,30,361,0,1,0,0,45%,67%,67%,3.5,67.8,2.0,56.1,83%,0.25,0,0.3,0.0,0,0.0,0.0,1,0.0,0,0,0.00,0.00,0%,5.9
337,Kenedy,Newcastle,Brazil,24,1344,1,1,1,0,74%,32%,43%,1.3,57.9,2.1,30.9,72%,0.06,1,2.0,1.9,0,2.1,0.4,8,0.0,0,0,0.06,0.06,19%,6.3
338,Michael Obafemi,Southampton,Republic of Ireland,20,134,1,1,1,0,100%,0%,44%,0.0,34.0,0.7,12.0,67%,0.67,1,2.0,0.7,0,4.7,2.0,0,0.0,0,0,0.67,0.67,43%,6.1
339,Pedro Obiang,West Ham,Equatorial Guinea,28,1121,0,1,0,0,56%,45%,53%,1.2,58.1,1.0,43.1,80%,0.08,2,0.6,0.6,0,1.2,0.1,7,0.0,0,0,0.00,0.00,7%,6.2
340,Denis Odoi,Fulham,Belgium,32,2593,0,1,4,0,71%,51%,56%,5.0,64.9,1.5,46.2,82%,0.04,1,0.6,0.5,0,0.3,0.0,5,0.0,0,0,0.00,0.00,10%,6.3
341,Angelo Ogbonna,West Ham,Italy,32,1870,1,1,2,0,42%,68%,65%,4.8,51.0,1.7,38.3,84%,0.05,1,0.1,0.0,0,0.7,0.2,3,0.0,0,0,0.05,0.05,36%,6.4
342,Stefano Okaka,Watford,Italy,31,22,0,0,1,0,-,-,-,0,0,0,0,-,0,0,0,0,0,0,0,0,0,0,0,0,0,-,-
343,Shinji Okazaki,Leicester City,Japan,34,269,0,1,0,0,100%,36%,36%,0.3,56.5,0.7,31.4,74%,0.33,0,0.7,0.0,0,1.7,1.3,2,0.0,0,0,0.00,0.00,80%,5.9
344,Divock Origi,Liverpool,Belgium,25,366,3,1,0,0,16%,25%,40%,0.2,45.7,0.0,26.6,70%,0.24,0,1.5,1.2,0,3.2,1.5,7,0.0,0,0,0.74,0.74,46%,6.3
345,Nicolás Otamendi,Man City,Argentina,32,1233,0,0,1,0,59%,62%,67%,4.0,102.6,2.1,90.9,93%,0.00,0,0.1,0.1,0,1.1,0.2,10,0.0,0,1,0.00,0.00,20%,7.6
346,Alex Oxlade-Chamberlain,Liverpool,England,27,19,0,0,0,0,-,-,-,0,0,0,0,-,0,0,0,0,0,0,0,2,0,0,0,0,0,-,6.9
347,Ayoze Pérez,Newcastle,Spain,27,2929,12,2,2,0,37%,25%,38%,0.9,44.0,1.3,23.9,76%,0.06,5,1.4,0.7,0,1.7,0.9,11,0.0,0,2,0.37,0.37,51%,6.5
348,Lucas,West Ham,Spain,32,468,3,0,0,0,66%,18%,35%,0.6,39.6,0.4,27.6,71%,0.00,1,1.0,0.4,0,1.7,0.6,3,0.0,0,1,0.58,0.58,33%,5.9
349,Emerson,Chelsea,Italy,26,660,0,0,0,0,64%,36%,51%,1.1,85.2,1.1,59.5,90%,0.00,1,1.4,3.8,0,0.7,0.1,3,0.0,0,0,0.00,0.00,20%,6.6
350,Sokratis Papastathopoulos,Arsenal,Greece,32,2199,1,2,12,0,60%,56%,56%,4.4,69.5,1.1,56.8,89%,0.08,2,0.2,0.0,0,0.5,0.1,6,0.0,0,0,0.05,0.05,18%,6.6
351,Callum Paterson,Cardiff,Scotland,26,1996,4,1,4,0,66%,48%,46%,1.3,38.6,0.4,24.9,48%,0.05,4,0.2,1.0,0,1.9,0.4,7,0.0,0,0,0.18,0.18,20%,6.2
352,Lee Peltier,Cardiff,England,33,1542,0,0,4,0,64%,54%,59%,3.1,36.4,1.1,20.0,60%,0.00,0,0.2,0.3,0,0.1,0.1,6,0.0,0,0,0.00,0.00,100%,6.0
353,Roberto Pereyra,Watford,Argentina,29,2825,6,1,3,0,57%,18%,37%,0.6,54.3,0.7,35.7,83%,0.04,7,1.3,1.3,0,1.8,0.7,5,0.0,0,1,0.19,0.19,37%,6.6
354,Adrien Silva,Leicester City,Portugal,31,88,0,0,0,0,-,-,-,0,0,0,0,-,0,0,0,0,0,0,0,1,0,0,0,0,0,-,6.6
355,Jordan Pickford,Everton,England,26,3420,0,0,1,0,-,92%,89%,0.9,37.6,0.0,29.4,56%,0.00,0,0.0,0.0,0,0.0,0.0,14,2.5,3,3,0.00,0.00,0%,6.4
356,Paul Pogba,Man Utd,France,27,3011,13,9,6,0,64%,49%,47%,1.1,82.1,0.5,61.8,83%,0.27,7,1.8,0.8,7,3.1,1.5,7,0.0,0,7,0.39,0.18,48%,7.3
357,Sebastian Prödl,Watford,Austria,33,13,0,0,0,0,-,-,-,0,0,0,0,-,0,0,0,0,0,0,0,1,0,0,0,0,0,-,-
358,Davy Pröpper,Brighton,Netherlands,29,2551,1,1,2,0,56%,59%,49%,1.2,57.6,1.9,42.8,80%,0.04,2,1.1,0.6,0,0.5,0.1,5,0.0,0,1,0.04,0.04,13%,6.5
359,Alex Pritchard,Huddersfield,England,27,2092,2,0,2,0,67%,28%,46%,0.3,60.0,0.7,38.6,75%,0.00,2,1.3,3.4,0,2.0,0.6,4,0.0,0,0,0.09,0.09,28%,6.2
360,Jason Puncheon,Crystal Palace,England,34,391,0,0,1,0,62%,50%,36%,1.9,68.6,0.9,48.8,79%,0.00,2,1.1,2.1,0,1.4,0.0,3,0.0,0,0,0.00,0.00,0%,6.2
361,Collin Quaner,Huddersfield,Germany,29,37,0,0,0,0,-,-,-,0,0,0,0,-,0,0,0,0,0,0,0,0,0,0,0,0,0,-,5.5
362,Quina,Watford,Portugal,20,335,1,0,0,0,78%,20%,40%,0.3,79.0,0.8,61.0,85%,0.00,0,1.3,0.5,0,1.3,0.3,1,0.0,0,0,0.27,0.27,20%,6.5
363,Antonio Rüdiger,Chelsea,Germany,27,2874,1,0,7,0,47%,53%,53%,3.0,89.1,1.0,79.4,91%,0.00,2,0.1,0.0,0,0.8,0.2,12,0.0,0,1,0.03,0.03,22%,6.9
364,Joe Ralls,Cardiff,England,27,1959,0,0,4,1,51%,45%,47%,1.3,50.5,1.3,35.8,69%,0.00,5,0.2,3.5,0,1.1,0.1,8,0.0,0,1,0.00,0.00,13%,6.2
365,Aaron Ramsey,Arsenal,Wales,29,1327,4,6,0,0,53%,38%,45%,0.2,69.7,0.6,52.4,82%,0.41,2,0.8,1.0,0,2.2,0.9,7,0.0,0,0,0.27,0.27,39%,6.5
366,Kayne Ramsey,Southampton,England,20,90,0,0,0,0,-,100%,100%,7.0,28.0,0.0,14.0,71%,0.00,0,0.0,0.0,0,0.0,0.0,0,0.0,0,0,0.00,0.00,0%,5.8
367,Marcus Rashford,Man Utd,England,23,2343,10,6,3,1,50%,40%,45%,0.9,47.1,0.1,25.6,78%,0.23,7,1.6,2.1,0,3.2,1.5,6,0.0,0,1,0.39,0.39,48%,6.7
368,Tim Ream,Fulham,United States,33,2051,0,0,1,0,60%,52%,53%,3.4,55.5,1.1,46.3,88%,0.00,0,0.3,0.1,0,0.1,0.0,5,0.0,0,0,0.00,0.00,0%,6.1
369,Nathan Redmond,Southampton,England,26,3276,6,4,3,0,49%,28%,41%,0.6,52.0,0.6,30.9,75%,0.11,7,2.5,2.1,0,2.0,0.6,7,0.0,0,4,0.16,0.16,30%,6.5
370,Bobby Reid,Cardiff,Jamaica,27,1422,5,2,0,0,56%,23%,45%,0.8,34.3,0.2,19.7,71%,0.13,1,1.0,0.4,1,1.7,0.6,6,0.0,0,0,0.32,0.25,33%,6.0
371,Declan Rice,West Ham,England,21,3005,2,0,4,0,61%,57%,58%,1.6,58.2,1.6,45.5,86%,0.00,1,0.8,0.1,0,0.7,0.1,6,0.0,0,2,0.06,0.06,23%,6.9
372,Jazz Richards,Cardiff,Wales,29,128,0,0,0,0,-,0%,0%,3.5,35.6,1.4,18.1,69%,0.00,0,0.0,0.0,0,0.0,0.0,1,0.0,0,0,0.00,0.00,0%,5.4
373,Sergio Rico,Fulham,Spain,27,2610,0,0,1,0,100%,96%,90%,1.2,36.4,0.0,27.4,54%,0.00,0,0.0,0.0,0,0.0,0.0,5,3.8,0,3,0.00,0.00,0%,6.4
374,Diego Rico,Bournemouth,Spain,27,607,0,0,1,0,64%,44%,54%,2.5,73.8,2.1,42.3,73%,0.00,2,0.6,5.8,0,1.3,0.0,0,0.0,0,0,0.00,0.00,0%,6.0
375,Matt Ritchie,Newcastle,Scotland,31,2941,2,8,9,0,63%,35%,46%,1.9,62.7,1.6,33.7,73%,0.24,8,0.5,7.9,1,1.3,0.3,11,0.0,0,1,0.06,0.03,24%,6.5
376,Andrew Robertson,Liverpool,Scotland,26,3219,0,11,4,0,61%,46%,55%,1.3,90.1,0.8,67.0,83%,0.31,15,0.8,3.8,0,0.5,0.1,21,0.0,0,1,0.00,0.00,31%,7.2
377,Pedro,Chelsea,Spain,33,1780,8,2,2,0,52%,40%,50%,0.4,72.7,0.9,53.9,86%,0.10,6,2.2,3.1,0,2.9,1.3,11,0.0,0,1,0.41,0.41,44%,6.8
378,Lucas Moura,Tottenham,Brazil,28,2127,10,0,3,0,53%,37%,47%,1.0,50.8,1.0,30.6,76%,0.00,1,1.9,0.8,0,1.9,0.8,12,0.0,0,3,0.42,0.42,44%,6.6
379,Marcos Rojo,Man Utd,Argentina,30,211,0,0,2,0,60%,75%,53%,3.8,74.2,2.6,52.9,73%,0.00,0,0.4,1.3,0,2.6,1.7,0,0.0,0,0,0.00,0.00,67%,6.0
380,Oriol Romeu,Southampton,Spain,29,2140,1,0,11,0,57%,54%,52%,1.5,61.9,2.2,46.4,79%,0.00,2,0.7,0.1,0,0.4,0.2,6,0.0,0,1,0.05,0.05,40%,6.6
381,Salomón Rondón,Newcastle,Venezuela,31,2609,11,7,1,0,39%,38%,34%,1.3,43.1,0.2,25.4,70%,0.24,4,0.6,0.5,0,3.1,1.0,10,0.0,0,1,0.38,0.38,33%,6.5
382,Fernandinho,Man City,Brazil,35,2381,1,3,5,0,76%,54%,55%,2.6,92.1,1.6,77.5,87%,0.12,4,0.7,0.1,0,1.1,0.3,16,0.0,0,1,0.04,0.04,23%,7.4
383,Danny Rose,Tottenham,England,30,1798,0,3,5,0,63%,61%,60%,1.0,78.5,1.2,46.5,74%,0.15,4,1.8,4.5,0,0.8,0.1,10,0.0,0,1,0.00,0.00,13%,6.6
384,Aaron Rowe,Huddersfield,England,20,69,0,0,0,0,-,-,-,0,0,0,0,-,0,0,0,0,0,0,0,0,0,0,0,0,0,-,4.9
385,John Ruddy,Wolves,England,34,90,0,0,0,0,-,-,-,0.0,25.0,0.0,19.0,68%,0.00,0,0.0,0.0,0,0.0,0.0,1,3.0,0,0,0.00,0.00,0%,7.1
386,Maty Ryan,Brighton,Australia,28,3060,0,0,2,0,-,87%,80%,0.6,34.6,0.0,27.2,50%,0.00,0,0.0,0.0,0,0.0,0.0,6,2.9,0,3,0.00,0.00,0%,6.3
387,Davinson Sánchez,Tottenham,Colombia,24,1943,1,1,2,0,54%,57%,56%,4.7,78.7,1.4,66.7,90%,0.05,1,0.1,0.0,0,0.7,0.1,6,0.0,0,0,0.05,0.05,21%,6.8
388,Carlos Sánchez,West Ham,Colombia,34,240,0,0,0,0,75%,100%,43%,1.9,64.5,0.4,53.6,89%,0.00,0,1.1,0.0,0,1.1,0.0,2,0.0,0,0,0.00,0.00,0%,6.0
389,Alexis Sánchez,Man Utd,Chile,31,877,1,3,3,0,59%,24%,41%,0.1,59.5,0.9,39.2,75%,0.31,6,1.4,2.5,0,1.8,0.9,6,0.0,0,0,0.10,0.10,53%,6.3
390,Alexander Sørloth,Crystal Palace,Norway,24,173,0,0,0,0,50%,67%,59%,1.6,49.4,0.0,30.7,64%,0.00,1,1.0,0.5,0,2.1,0.5,4,0.0,0,0,0.00,0.00,25%,5.7
391,Çağlar Söyüncü,Leicester City,Turkey,24,371,0,0,1,0,40%,73%,56%,5.3,67.7,1.7,53.4,84%,0.00,0,0.5,0.5,0,0.5,0.0,2,0.0,0,0,0.00,0.00,0%,6.2
392,Romain Saïss,Wolves,Morocco,30,1144,2,0,7,0,66%,68%,59%,4.6,75.5,2.0,58.0,77%,0.00,2,0.4,0.7,0,0.9,0.4,4,0.0,0,1,0.15,0.15,45%,6.9
393,Abdelhamid Sabiri,Huddersfield,Germany,23,49,0,0,0,0,-,-,-,0,0,0,0,-,0,0,0,0,0,0,0,0,0,0,0,0,0,-,5.5
394,Bukayo Saka,Arsenal,England,19,7,0,0,0,0,-,-,-,0,0,0,0,-,0,0,0,0,0,0,0,0,0,0,0,0,0,-,-
395,Mamadou Sakho,Crystal Palace,France,30,2417,0,0,2,0,63%,58%,63%,4.9,60.8,1.5,49.2,89%,0.00,0,0.3,0.0,0,0.1,0.0,9,0.0,0,1,0.00,0.00,25%,6.7
396,Bakary Sako,Crystal Palace,Mali,32,25,0,0,0,0,-,-,-,0,0,0,0,-,0,0,0,0,0,0,0,1,0,0,0,0,0,-,6.0
397,Mohamed Salah,Liverpool,Egypt,28,3262,22,8,1,0,43%,16%,34%,0.1,50.2,0.1,29.8,76%,0.23,16,2.2,1.6,3,3.8,1.8,21,0.0,0,5,0.60,0.52,47%,7.1
398,Bruno,Brighton,Spain,40,1136,0,1,2,0,64%,33%,62%,2.1,59.8,0.9,40.4,82%,0.08,1,0.3,1.4,0,0.2,0.0,4,0.0,0,0,0.00,0.00,0%,6.3
399,Leroy Sané,Man City,Germany,24,1867,10,10,1,0,62%,31%,42%,0.1,64.8,0.4,40.8,84%,0.49,11,2.7,4.7,0,2.7,1.2,16,0.0,0,1,0.49,0.49,43%,7.2
400,Joselu,Newcastle,Spain,30,586,2,0,1,0,57%,53%,49%,2.1,49.4,0.5,31.9,62%,0.00,1,0.1,0.5,0,2.6,0.8,4,0.0,0,0,0.31,0.31,29%,6.3
401,Ederson,Man City,Brazil,27,3420,0,1,2,0,100%,100%,91%,0.5,32.3,0.0,24.2,83%,0.03,0,0.0,0.0,0,0.0,0.0,20,1.5,0,0,0.00,0.00,0%,6.6
402,Fabian Schär,Newcastle,Switzerland,28,2002,4,1,12,0,65%,50%,54%,6.2,65.9,3.0,44.6,68%,0.05,1,0.6,0.8,0,1.1,0.3,8,0.0,0,3,0.18,0.18,28%,6.9
403,André Schürrle,Fulham,Germany,30,1652,6,0,2,0,62%,46%,40%,0.9,48.8,0.4,28.5,78%,0.00,5,1.0,2.2,0,3.0,1.0,1,0.0,0,0,0.32,0.32,33%,6.3
404,Christopher Schindler,Huddersfield,Germany,30,3262,1,0,5,0,59%,56%,58%,3.7,54.5,1.9,42.8,83%,0.00,1,0.0,0.0,0,0.4,0.1,5,0.0,0,1,0.03,0.03,23%,6.2
405,Jeffrey Schlupp,Crystal Palace,Ghana,27,1665,4,1,1,0,49%,47%,48%,1.1,52.3,1.0,34.1,76%,0.05,1,1.2,0.9,0,1.5,0.4,8,0.0,0,0,0.22,0.22,29%,6.4
406,Kasper Schmeichel,Leicester City,Denmark,34,3420,0,0,3,0,100%,90%,94%,0.8,36.9,0.1,29.4,65%,0.00,1,0.1,0.0,0,0.0,0.0,10,2.4,0,1,0.00,0.00,0%,6.4
407,Morgan Schneiderlin,Everton,France,31,833,0,1,2,0,67%,56%,49%,1.6,72.7,1.6,58.9,89%,0.11,1,0.2,0.2,0,0.3,0.0,7,0.0,0,1,0.00,0.00,0%,6.8
408,Ken Sema,Watford,Sweden,27,755,1,2,1,0,44%,53%,43%,0.5,50.0,0.9,28.2,72%,0.24,1,2.3,1.2,0,1.4,0.5,6,0.0,0,0,0.12,0.12,33%,6.3
409,Jean Michaël Seri,Fulham,Côte d’Ivoire,29,2252,1,2,6,0,68%,41%,45%,0.6,80.2,1.3,63.7,87%,0.08,7,0.6,4.3,0,0.8,0.2,4,0.0,0,0,0.04,0.04,32%,6.5
410,Ryan Sessegnon,Fulham,England,20,2298,2,6,0,0,61%,31%,37%,1.5,48.5,0.8,27.0,73%,0.23,6,1.3,2.6,0,1.1,0.4,4,0.0,0,0,0.08,0.08,39%,6.2
411,Xherdan Shaqiri,Liverpool,Switzerland,29,1058,6,3,2,0,29%,40%,42%,0.5,72.3,0.5,54.4,81%,0.25,3,0.5,4.0,0,2.2,0.9,12,0.0,0,1,0.51,0.51,38%,6.6
412,Luke Shaw,Man Utd,England,25,2592,1,4,11,0,52%,64%,57%,2.7,80.2,0.7,55.6,83%,0.14,7,0.9,1.8,0,0.7,0.2,6,0.0,0,0,0.04,0.04,33%,6.7
413,Jonjo Shelvey,Newcastle,England,28,944,1,1,1,0,54%,58%,55%,1.2,77.1,0.7,60.0,71%,0.10,2,0.9,4.8,0,2.2,0.8,5,0.0,0,0,0.10,0.10,35%,6.5
414,Gylfi Sigurdsson,Everton,Iceland,31,3134,13,6,3,0,66%,31%,48%,0.7,49.3,0.8,28.4,76%,0.17,11,1.1,5.6,2,2.5,1.0,14,0.0,0,2,0.37,0.32,40%,6.7
415,Danny Simpson,Leicester City,England,33,291,0,0,0,0,27%,57%,61%,4.6,63.1,1.9,34.0,71%,0.00,0,0.0,0.3,0,0.0,0.0,3,0.0,0,0,0.00,0.00,0%,6.1
416,Jack Simpson,Bournemouth,England,23,403,0,0,0,0,56%,58%,59%,4.9,69.2,2.0,52.7,82%,0.00,0,0.0,0.0,0,0.5,0.2,2,0.0,0,0,0.00,0.00,50%,6.1
417,Josh Sims,Southampton,England,23,209,0,1,0,0,-,10%,35%,0.4,35.3,0.4,18.9,73%,0.43,1,1.7,0.4,0,2.1,0.4,1,0.0,0,0,0.00,0.00,20%,5.8
418,Moussa Sissoko,Tottenham,France,31,2336,0,3,2,0,69%,53%,50%,0.8,67.0,0.6,51.9,87%,0.12,4,1.4,1.0,0,0.6,0.1,11,0.0,0,0,0.00,0.00,20%,6.6
419,Oliver Skipp,Tottenham,England,20,216,0,0,0,0,43%,72%,65%,2.5,75.0,0.4,59.6,84%,0.00,0,0.8,0.0,0,0.8,0.0,4,0.0,0,0,0.00,0.00,0%,6.3
420,Callum Slattery,Southampton,England,21,110,0,0,0,0,75%,25%,37%,0.8,49.1,1.6,25.4,71%,0.00,0,0.8,0.8,0,0.8,0.0,0,0.0,0,0,0.00,0.00,0%,6.5
421,Chris Smalling,Man Utd,England,30,2128,1,0,1,0,57%,64%,62%,4.5,52.1,1.1,40.4,86%,0.00,0,0.1,0.0,0,0.5,0.1,4,0.0,0,0,0.05,0.05,18%,6.4
422,Adam Smith,Bournemouth,England,29,2073,1,1,5,1,69%,48%,56%,2.4,59.9,1.3,36.3,82%,0.05,0,0.8,0.9,0,0.3,0.1,9,0.0,0,0,0.05,0.05,14%,6.4
423,Tommy Smith,Huddersfield,England,28,1141,0,0,2,1,50%,50%,53%,2.0,58.7,1.4,38.3,75%,0.00,0,0.2,1.9,0,0.2,0.0,1,0.0,0,0,0.00,0.00,0%,5.8
424,Robert Snodgrass,West Ham,Scotland,33,2222,2,5,10,0,62%,42%,46%,0.7,63.0,0.5,39.3,82%,0.21,5,1.3,6.9,0,1.2,0.3,6,0.0,0,2,0.08,0.08,23%,6.5
425,Dominic Solanke,Bournemouth,England,23,341,0,1,0,0,37%,38%,47%,2.4,51.5,0.5,26.1,72%,0.26,0,2.6,0.3,0,2.9,0.8,2,0.0,0,0,0.00,0.00,27%,5.8
426,Son Heungmin,Tottenham,Korea Republic,28,2048,12,6,2,1,52%,12%,39%,0.2,52.0,0.3,33.1,86%,0.26,5,2.1,1.1,0,3.3,1.3,11,0.0,0,3,0.53,0.53,39%,6.8
427,Julián Speroni,Crystal Palace,Argentina,41,90,0,0,0,0,-,100%,100%,1.0,45.0,0.0,32.0,38%,0.00,0,0.0,0.0,0,0.0,0.0,0,5.0,0,0,0.00,0.00,0%,4.5
428,Junior Stanislas,Bournemouth,England,30,1027,2,3,1,0,50%,43%,48%,1.3,62.6,0.2,43.5,77%,0.26,5,1.1,3.2,1,3.0,0.9,7,0.0,0,0,0.17,0.09,29%,6.2
429,Jack Stephens,Southampton,England,26,1697,1,0,4,0,52%,57%,56%,5.0,55.6,2.0,40.7,75%,0.00,0,0.3,0.1,0,0.4,0.3,5,0.0,0,1,0.05,0.05,71%,6.3
430,Dale Stephens,Brighton,England,30,2487,1,1,6,1,69%,53%,49%,1.6,59.7,1.6,47.3,84%,0.04,0,0.2,0.1,0,0.4,0.0,5,0.0,0,1,0.04,0.04,9%,6.7
431,Raheem Sterling,Man City,England,25,2777,17,9,3,0,50%,35%,42%,0.1,63.5,0.6,40.9,86%,0.29,12,2.7,2.4,0,2.5,1.3,18,0.0,0,5,0.55,0.55,51%,7.4
432,John Stones,Man City,England,26,1762,0,0,1,0,68%,66%,66%,3.1,97.8,0.7,89.4,94%,0.00,0,0.3,0.1,0,0.3,0.1,13,0.0,0,1,0.00,0.00,20%,7.3
433,Daniel Sturridge,Liverpool,England,31,496,2,1,1,0,100%,18%,37%,0.0,50.1,0.2,34.5,80%,0.18,1,0.9,0.5,0,3.3,1.1,10,0.0,0,0,0.36,0.36,33%,6.0
434,Denís Suárez,Arsenal,Spain,26,67,0,0,0,0,-,-,-,0,0,0,0,-,0,0,0,0,0,0,0,1,0,0,0,0,0,-,6.0
435,Isaac Success,Watford,Nigeria,24,1037,1,1,4,0,79%,34%,47%,0.9,53.0,0.2,30.3,71%,0.09,4,1.2,1.1,0,2.5,0.9,5,0.0,0,0,0.09,0.09,34%,6.0
436,Andrew Surman,Bournemouth,England,34,1438,0,0,2,0,56%,58%,51%,2.0,62.0,0.6,52.5,87%,0.00,1,0.2,0.1,0,0.6,0.1,5,0.0,0,0,0.00,0.00,11%,6.4
437,Sam Surridge,Bournemouth,England,22,11,0,0,0,0,-,-,-,0,0,0,0,-,0,0,0,0,0,0,0,0,0,0,0,0,0,-,-
438,Matt Targett,Southampton,England,25,1185,1,3,2,0,71%,44%,53%,2.4,63.5,2.0,33.6,70%,0.23,4,0.1,5.8,0,0.8,0.2,1,0.0,0,0,0.07,0.07,27%,6.5
439,James Tarkowski,Burnley,England,27,3087,3,1,8,0,51%,68%,66%,6.8,50.5,1.2,33.1,69%,0.03,0,0.2,0.1,0,0.6,0.3,7,0.0,0,2,0.09,0.09,45%,6.3
440,Fabinho,Liverpool,Brazil,27,2013,1,2,6,0,53%,58%,55%,1.2,85.6,1.3,72.0,85%,0.09,2,0.5,0.5,0,0.8,0.2,15,0.0,0,0,0.05,0.05,24%,6.9
441,André Gomes,Everton,Portugal,27,1986,1,1,7,0,59%,54%,42%,0.8,70.8,0.9,54.4,85%,0.05,1,1.8,0.7,0,0.9,0.2,10,0.0,0,0,0.05,0.05,24%,6.7
442,Charlie Taylor,Burnley,England,27,3240,0,1,2,0,48%,54%,58%,2.3,63.5,1.1,32.6,72%,0.03,2,1.1,3.3,0,0.2,0.0,8,0.0,0,0,0.00,0.00,0%,6.2
443,Diogo Jota,Wolves,Portugal,23,2371,9,5,11,0,58%,28%,40%,0.4,48.5,0.5,28.3,76%,0.19,10,2.2,1.4,0,2.2,0.9,9,0.0,0,2,0.34,0.34,41%,6.6
444,Youri Tielemans,Leicester City,Belgium,23,1092,3,4,2,0,47%,57%,51%,0.9,68.3,0.4,52.8,85%,0.33,6,1.0,1.3,0,2.6,1.0,3,0.0,0,0,0.24,0.24,39%,6.9
445,James Tomkins,Crystal Palace,England,31,2563,1,1,5,0,61%,50%,53%,6.2,50.2,1.1,37.7,83%,0.04,2,0.1,0.0,0,0.8,0.2,10,0.0,0,0,0.04,0.04,32%,6.5
446,Lucas Torreira,Arsenal,Uruguay,24,2377,2,2,7,1,60%,44%,57%,1.2,77.8,1.6,60.1,87%,0.07,3,0.5,1.1,0,0.9,0.2,6,0.0,0,1,0.07,0.07,24%,6.7
447,Cenk Tosun,Everton,Turkey,29,1050,3,3,3,0,69%,40%,38%,0.3,38.1,0.4,22.1,71%,0.26,1,0.2,0.3,0,3.2,1.5,7,0.0,0,1,0.26,0.26,46%,6.2
448,Andros Townsend,Crystal Palace,England,29,3018,6,4,1,0,56%,24%,48%,0.5,55.1,1.1,30.6,79%,0.12,3,1.7,4.8,0,1.9,0.6,12,0.0,0,2,0.18,0.18,30%,6.6
449,Adama Traoré,Wolves,Spain,24,889,1,1,1,0,81%,38%,53%,0.6,63.5,0.6,27.3,72%,0.10,2,6.6,3.5,0,1.9,0.7,6,0.0,0,0,0.10,0.10,37%,6.2
450,Mark Travers,Bournemouth,Republic of Ireland,21,180,0,0,0,0,-,-,-,1.0,33.5,0.0,21.5,65%,0.00,0,0.0,0.0,0,0.0,0.0,1,4.5,0,0,0.00,0.00,0%,6.5
451,Kieran Trippier,Tottenham,England,30,2278,1,3,2,0,55%,52%,57%,2.4,92.6,0.9,60.9,79%,0.12,8,0.3,7.3,0,0.3,0.1,10,0.0,0,2,0.04,0.04,38%,6.8
452,Antonio Valencia,Man Utd,Ecuador,35,466,0,0,2,0,75%,50%,56%,1.2,72.2,1.0,52.3,84%,0.00,0,0.6,1.7,0,0.4,0.0,2,0.0,0,0,0.00,0.00,0%,6.5
453,Yan Valery,Southampton,France,21,1715,2,1,4,0,86%,44%,45%,3.0,48.9,1.1,21.0,62%,0.05,0,1.3,2.9,0,0.3,0.3,3,0.0,0,0,0.11,0.11,83%,6.1
454,Patrick van Aanholt,Crystal Palace,Netherlands,30,3198,3,2,3,0,50%,45%,56%,2.3,67.2,1.1,45.3,80%,0.05,7,0.6,1.2,0,1.3,0.3,12,0.0,0,1,0.08,0.08,24%,6.6
455,Virgil van Dijk,Liverpool,Netherlands,29,3385,4,2,1,0,74%,74%,76%,5.3,92.3,1.1,80.8,90%,0.05,3,0.2,0.0,0,0.8,0.2,21,0.0,0,5,0.11,0.11,26%,7.5
456,Rajiv van La Parra,Huddersfield,Netherlands,29,407,0,0,0,0,66%,13%,40%,0.2,46.7,0.9,23.2,86%,0.00,0,1.6,1.3,0,1.1,0.0,1,0.0,0,0,0.00,0.00,0%,6.1
457,Jamie Vardy,Leicester City,England,33,2735,18,4,3,1,57%,38%,39%,0.9,24.9,0.2,13.7,66%,0.14,8,0.4,0.9,4,2.6,1.3,10,0.0,0,2,0.59,0.46,51%,6.5
458,Jan Vertonghen,Tottenham,Belgium,33,1915,1,0,4,0,60%,65%,67%,3.4,86.4,1.5,72.0,88%,0.00,0,0.4,1.3,0,0.7,0.1,7,0.0,0,2,0.05,0.05,13%,6.9
459,Jannik Vestergaard,Southampton,Denmark,28,2030,0,0,2,0,63%,61%,64%,7.6,56.0,1.6,37.5,77%,0.00,1,0.4,0.1,0,0.6,0.1,4,0.0,0,0,0.00,0.00,7%,6.7
460,Luciano Vietto,Fulham,Argentina,26,983,1,4,1,0,72%,42%,43%,0.5,54.1,0.6,35.3,79%,0.37,3,1.5,1.7,0,2.2,0.7,1,0.0,0,0,0.09,0.09,33%,6.3
461,Ruben Vinagre,Wolves,Portugal,21,703,0,0,1,0,64%,35%,46%,1.7,71.0,1.8,36.6,77%,0.00,1,1.7,6.7,0,0.5,0.4,5,0.0,0,0,0.00,0.00,75%,6.2
462,Sam Vokes,Burnley,Wales,31,913,3,0,0,0,50%,54%,51%,1.7,39.3,0.0,26.4,51%,0.00,1,0.3,0.1,0,2.2,0.7,4,0.0,0,0,0.30,0.30,32%,6.0
463,Michel Vorm,Tottenham,Netherlands,37,180,0,0,0,0,-,100%,100%,1.0,37.5,0.0,22.0,77%,0.00,0,0.0,0.0,0,0.0,0.0,0,4.5,0,1,0.00,0.00,0%,6.8
464,Matěj Vydra,Burnley,Czech Republic,28,311,1,1,1,0,50%,29%,24%,1.7,39.9,0.3,21.1,64%,0.29,1,0.9,0.3,0,1.7,0.9,1,0.0,0,0,0.29,0.29,50%,5.7
465,Aaron Wan-Bissaka,Crystal Palace,England,22,3135,0,3,4,1,70%,59%,66%,3.7,65.7,2.4,33.5,73%,0.09,4,1.8,1.6,0,0.3,0.0,12,0.0,0,3,0.00,0.00,0%,6.9
466,Theo Walcott,Everton,England,31,2122,5,2,1,0,63%,26%,42%,0.3,41.8,0.9,24.4,73%,0.08,3,1.3,2.3,0,1.8,0.9,13,0.0,0,1,0.22,0.22,49%,6.2
467,Kyle Walker,Man City,England,30,2777,1,1,3,0,65%,64%,59%,1.6,95.8,1.2,77.4,90%,0.04,1,0.6,1.9,0,0.7,0.1,18,0.0,0,0,0.04,0.04,19%,7.2
468,Kyle Walker-Peters,Tottenham,England,23,374,0,3,1,0,57%,25%,60%,1.0,69.3,1.0,45.2,83%,0.72,0,2.2,1.7,0,0.5,0.0,3,0.0,0,0,0.00,0.00,0%,6.8
469,Victor Wanyama,Tottenham,Kenya,29,509,1,0,2,0,100%,50%,51%,1.6,72.8,1.2,57.3,81%,0.00,0,1.1,0.5,0,1.2,0.3,6,0.0,0,0,0.18,0.18,29%,6.8
470,Stephen Ward,Burnley,Republic of Ireland,35,230,0,0,1,0,50%,81%,68%,4.7,69.7,1.6,44.2,74%,0.00,0,0.8,3.1,0,0.4,0.4,1,0.0,0,0,0.00,0.00,100%,6.2
471,Joel Ward,Crystal Palace,England,31,551,1,0,1,0,58%,56%,52%,5.1,56.0,1.6,31.0,73%,0.00,0,0.2,1.1,0,0.3,0.2,0,0.0,0,0,0.16,0.16,50%,6.3
472,Daniel Ward,Cardiff,England,28,440,1,0,0,0,51%,45%,44%,1.9,32.5,0.0,18.8,54%,0.00,0,0.0,0.4,0,2.3,1.2,2,0.0,0,0,0.21,0.21,55%,6.0
473,James Ward-Prowse,Southampton,England,26,1942,7,0,4,0,47%,31%,38%,2.5,54.6,1.3,33.3,77%,0.00,4,0.2,6.7,1,1.4,0.7,4,0.0,0,0,0.32,0.28,52%,6.6
474,Danny Welbeck,Arsenal,England,29,147,1,1,0,0,66%,33%,38%,0.6,53.3,0.6,33.1,74%,0.61,0,1.2,0.0,0,2.5,1.2,2,0.0,0,0,0.61,0.61,50%,6.0
475,Ashley Westwood,Burnley,England,30,2822,2,7,5,0,53%,52%,53%,1.3,59.5,1.5,45.3,76%,0.23,10,0.3,2.8,0,0.7,0.2,7,0.0,0,2,0.06,0.06,32%,6.6
476,Connor Wickham,Crystal Palace,England,27,61,0,1,0,0,-,-,-,0,0,0,0,-,0,0,0,0,0,0,0,2,0,0,0,0,0,-,5.9
477,Georginio Wijnaldum,Liverpool,Netherlands,30,2735,3,0,3,0,68%,48%,52%,0.8,70.5,0.7,58.2,91%,0.00,2,0.9,0.4,0,1.0,0.3,21,0.0,0,1,0.10,0.10,33%,6.8
478,Danny Williams,Huddersfield,United States,31,93,0,0,1,0,-,0%,20%,1.9,37.8,1.0,23.2,79%,0.00,0,1.0,0.0,0,1.0,0.0,1,0.0,0,0,0.00,0.00,0%,5.7
479,Joe Willock,Arsenal,England,21,64,0,0,0,0,-,-,-,0,0,0,0,-,0,0,0,0,0,0,0,0,0,0,0,0,0,-,5.9
480,Ben Wilmot,Watford,England,21,26,0,0,0,0,-,-,-,0,0,0,0,-,0,0,0,0,0,0,0,1,0,0,0,0,0,-,5.5
481,Jack Wilshere,West Ham,England,28,389,0,1,2,0,57%,100%,66%,0.0,65.2,1.6,50.2,89%,0.23,1,3.5,0.5,0,0.5,0.2,2,0.0,0,0,0.00,0.00,50%,6.5
482,Callum Wilson,Bournemouth,England,28,2535,14,9,3,0,78%,34%,34%,0.5,29.8,0.1,15.6,67%,0.32,13,0.6,0.7,1,2.3,1.1,9,0.0,0,3,0.50,0.46,46%,6.5
483,Harry Winks,Tottenham,England,24,1591,1,0,4,0,60%,46%,44%,1.1,90.1,1.2,78.5,92%,0.00,0,1.0,0.5,0,0.5,0.1,10,0.0,0,1,0.05,0.05,22%,6.9
484,Chris Wood,Burnley,New Zealand,28,2595,10,2,2,0,71%,44%,41%,0.9,33.9,0.1,20.8,65%,0.07,7,0.3,0.4,0,2.0,0.8,8,0.0,0,3,0.35,0.35,39%,6.1
485,Granit Xhaka,Arsenal,Switzerland,28,2502,4,2,10,0,56%,56%,53%,1.9,100.2,1.3,80.8,85%,0.07,5,0.3,4.6,0,1.0,0.4,7,0.0,0,4,0.14,0.14,41%,7.0
486,Andrii Yarmolenko,West Ham,Ukraine,31,459,2,0,2,0,26%,43%,41%,0.6,55.4,0.4,39.7,82%,0.00,1,0.4,1.9,0,1.8,0.6,1,0.0,0,1,0.39,0.39,33%,6.2
487,DeAndre Yedlin,Newcastle,United States,27,2475,1,2,6,1,59%,42%,46%,2.6,52.5,1.0,26.6,72%,0.07,1,0.3,2.8,0,0.4,0.1,6,0.0,0,0,0.04,0.04,18%,6.1
488,Maya Yoshida,Southampton,Japan,32,1520,0,1,0,0,75%,55%,58%,5.9,47.1,2.5,32.9,76%,0.06,2,0.1,0.0,0,0.8,0.2,3,0.0,0,0,0.00,0.00,23%,6.4
489,Ashley Young,Man Utd,England,35,2568,2,2,9,0,62%,66%,55%,2.0,80.2,1.9,48.2,78%,0.07,6,0.6,6.9,0,0.4,0.1,4,0.0,0,0,0.07,0.07,25%,6.6
490,Pablo Zabaleta,West Ham,Argentina,35,2092,0,1,4,0,51%,47%,54%,3.7,64.6,2.1,37.0,77%,0.05,1,0.6,2.1,0,0.3,0.1,4,0.0,0,0,0.00,0.00,14%,6.3
491,Wilfried Zaha,Crystal Palace,Côte d’Ivoire,28,3041,10,5,9,0,51%,21%,43%,0.0,57.2,0.3,29.8,77%,0.14,6,3.4,1.1,0,2.2,0.8,10,0.0,0,5,0.30,0.30,37%,6.8
492,André Zambo Anguissa,Fulham,Cameroon,24,1518,0,0,2,0,61%,42%,48%,1.7,82.7,2.0,61.8,87%,0.00,0,2.5,0.1,0,1.2,0.3,3,0.0,0,0,0.00,0.00,24%,6.7
493,Davide Zappacosta,Chelsea,Italy,28,125,0,0,0,0,-,60%,43%,2.9,81.4,2.2,54.0,80%,0.00,0,1.4,0.7,0,1.4,0.7,3,0.0,0,0,0.00,0.00,50%,6.6
494,Oleksandr Zinchenko,Man City,Ukraine,23,1153,0,3,1,0,59%,42%,46%,1.3,117.8,1.6,92.4,91%,0.23,3,0.4,3.0,0,0.6,0.1,10,0.0,0,1,0.00,0.00,14%,7.7
495,Willy Boly,Wolves,Côte d’Ivoire,29,3169,4,0,2,1,61%,68%,65%,4.9,63.5,2.0,48.7,81%,0.00,3,0.4,0.0,0,0.7,0.2,8,0.0,0,3,0.12,0.12,25%,6.9
496,Kenneth Zohorè,Cardiff,Denmark,26,746,1,1,1,0,67%,35%,39%,0.6,32.0,0.2,16.4,63%,0.12,1,0.6,0.8,0,2.0,1.0,5,0.0,0,0,0.12,0.12,47%,5.9
497,Kurt Zouma,Everton,France,26,2610,2,2,4,0,65%,65%,62%,4.1,63.0,1.9,49.7,84%,0.07,0,0.2,0.1,0,0.7,0.1,11,0.0,0,1,0.07,0.07,16%,6.7
